ac_code,ps_serial_number,ps_code,candidate_serial_number,candidate_votes
46,0,0,1,67
46,0,0,2,487
46,0,0,3,410
46,0,0,4,5
46,0,0,5,0
46,0,0,6,384
46,0,0,7,2
46,0,0,8,4
46,0,0,9,6
46,0,0,10,0
46,0,0,11,1
46,0,0,0,7
46,1,1,1,26
46,1,1,2,302
46,1,1,3,228
46,1,1,4,3
46,1,1,5,6
46,1,1,6,326
46,1,1,7,1
46,1,1,8,8
46,1,1,9,2
46,1,1,10,4
46,1,1,11,4
46,1,1,0,2
46,1,1,1,0
46,1,1,2,0
46,1,1,3,0
46,1,1,4,0
46,1,1,5,0
46,1,1,6,0
46,1,1,7,0
46,1,1,8,0
46,1,1,9,0
46,1,1,10,0
46,1,1,11,0
46,1,1,0,0
46,2,2,1,3
46,2,2,2,4
46,2,2,3,5
46,2,2,4,6
46,2,2,5,7
46,2,2,6,8
46,2,2,7,9
46,2,2,8,10
46,2,2,9,11
46,2,2,10,12
46,2,2,11,13
46,2,2,0,19
46,2,2,1,3
46,2,2,2,4
46,2,2,3,5
46,2,2,4,6
46,2,2,5,7
46,2,2,6,8
46,2,2,7,9
46,2,2,8,10
46,2,2,9,11
46,2,2,10,12
46,2,2,11,13
46,2,2,0,19
46,2,2,1,3
46,2,2,2,4
46,2,2,3,5
46,2,2,4,6
46,2,2,5,7
46,2,2,6,8
46,2,2,7,9
46,2,2,8,10
46,2,2,9,11
46,2,2,10,12
46,2,2,11,13
46,2,2,0,19
46,2,2,1,3
46,2,2,2,4
46,2,2,3,5
46,2,2,4,6
46,2,2,5,7
46,2,2,6,8
46,2,2,7,9
46,2,2,8,10
46,2,2,9,11
46,2,2,10,12
46,2,2,11,13
46,2,2,0,19
46,2,2,1,3
46,2,2,2,4
46,2,2,3,5
46,2,2,4,6
46,2,2,5,7
46,2,2,6,8
46,2,2,7,9
46,2,2,8,10
46,2,2,9,11
46,2,2,10,12
46,2,2,11,13
46,2,2,0,19
46,2,2,1,3
46,2,2,2,4
46,2,2,3,5
46,2,2,4,6
46,2,2,5,7
46,2,2,6,8
46,2,2,7,9
46,2,2,8,10
46,2,2,9,11
46,2,2,10,12
46,2,2,11,13
46,2,2,0,19
46,2,2,1,3
46,2,2,2,4
46,2,2,3,5
46,2,2,4,6
46,2,2,5,7
46,2,2,6,8
46,2,2,7,9
46,2,2,8,10
46,2,2,9,11
46,2,2,10,12
46,2,2,11,13
46,2,2,0,19
46,2,2,1,3
46,2,2,2,4
46,2,2,3,5
46,2,2,4,6
46,2,2,5,7
46,2,2,6,8
46,2,2,7,9
46,2,2,8,10
46,2,2,9,11
46,2,2,10,12
46,2,2,11,13
46,2,2,0,19
46,2,2,1,3
46,2,2,2,4
46,2,2,3,5
46,2,2,4,6
46,2,2,5,7
46,2,2,6,8
46,2,2,7,9
46,2,2,8,10
46,2,2,9,11
46,2,2,10,12
46,2,2,11,13
46,2,2,0,19
46,2,2,1,0
46,2,2,2,0
46,2,2,3,0
46,2,2,4,0
46,2,2,5,0
46,2,2,6,0
46,2,2,7,0
46,2,2,8,0
46,2,2,9,0
46,2,2,10,0
46,2,2,11,0
46,2,2,0,0
46,2,2,1,23
46,2,2,2,345
46,2,2,3,158
46,2,2,4,3
46,2,2,5,6
46,2,2,6,376
46,2,2,7,1
46,2,2,8,3
46,2,2,9,0
46,2,2,10,6
46,2,2,11,1
46,2,2,0,3
46,2,2,1,3
46,2,2,2,4
46,2,2,3,5
46,2,2,4,6
46,2,2,5,7
46,2,2,6,8
46,2,2,7,9
46,2,2,8,10
46,2,2,9,11
46,2,2,10,12
46,2,2,11,13
46,2,2,0,19
46,2,2,1,3
46,2,2,2,4
46,2,2,3,5
46,2,2,4,6
46,2,2,5,7
46,2,2,6,8
46,2,2,7,9
46,2,2,8,10
46,2,2,9,11
46,2,2,10,12
46,2,2,11,13
46,2,2,0,19
46,2,2,1,3
46,2,2,2,4
46,2,2,3,5
46,2,2,4,6
46,2,2,5,7
46,2,2,6,8
46,2,2,7,9
46,2,2,8,10
46,2,2,9,11
46,2,2,10,12
46,2,2,11,13
46,2,2,0,19
46,2,2,1,3
46,2,2,2,4
46,2,2,3,5
46,2,2,4,6
46,2,2,5,7
46,2,2,6,8
46,2,2,7,9
46,2,2,8,10
46,2,2,9,11
46,2,2,10,12
46,2,2,11,13
46,2,2,0,19
46,2,2,1,3
46,2,2,2,4
46,2,2,3,5
46,2,2,4,6
46,2,2,5,7
46,2,2,6,8
46,2,2,7,9
46,2,2,8,10
46,2,2,9,11
46,2,2,10,12
46,2,2,11,13
46,2,2,0,19
46,2,2,1,3
46,2,2,2,4
46,2,2,3,5
46,2,2,4,6
46,2,2,5,7
46,2,2,6,8
46,2,2,7,9
46,2,2,8,10
46,2,2,9,11
46,2,2,10,12
46,2,2,11,13
46,2,2,0,19
46,2,2,1,3
46,2,2,2,4
46,2,2,3,5
46,2,2,4,6
46,2,2,5,7
46,2,2,6,8
46,2,2,7,9
46,2,2,8,10
46,2,2,9,11
46,2,2,10,12
46,2,2,11,13
46,2,2,0,19
46,2,2,1,3
46,2,2,2,4
46,2,2,3,5
46,2,2,4,6
46,2,2,5,7
46,2,2,6,8
46,2,2,7,9
46,2,2,8,10
46,2,2,9,11
46,2,2,10,12
46,2,2,11,13
46,2,2,0,19
46,2,2,1,3
46,2,2,2,4
46,2,2,3,5
46,2,2,4,6
46,2,2,5,7
46,2,2,6,8
46,2,2,7,9
46,2,2,8,10
46,2,2,9,11
46,2,2,10,12
46,2,2,11,13
46,2,2,0,19
46,2,2,1,3
46,2,2,2,4
46,2,2,3,5
46,2,2,4,6
46,2,2,5,7
46,2,2,6,8
46,2,2,7,9
46,2,2,8,10
46,2,2,9,11
46,2,2,10,12
46,2,2,11,13
46,2,2,0,19
46,2,2,1,3
46,2,2,2,4
46,2,2,3,5
46,2,2,4,6
46,2,2,5,7
46,2,2,6,8
46,2,2,7,9
46,2,2,8,10
46,2,2,9,11
46,2,2,10,12
46,2,2,11,13
46,2,2,0,19
46,2,2,1,3
46,2,2,2,4
46,2,2,3,5
46,2,2,4,6
46,2,2,5,7
46,2,2,6,8
46,2,2,7,9
46,2,2,8,10
46,2,2,9,11
46,2,2,10,12
46,2,2,11,13
46,2,2,0,19
46,2,2,1,3
46,2,2,2,4
46,2,2,3,5
46,2,2,4,6
46,2,2,5,7
46,2,2,6,8
46,2,2,7,9
46,2,2,8,10
46,2,2,9,11
46,2,2,10,12
46,2,2,11,13
46,2,2,0,19
46,2,2,1,3
46,2,2,2,4
46,2,2,3,5
46,2,2,4,6
46,2,2,5,7
46,2,2,6,8
46,2,2,7,9
46,2,2,8,10
46,2,2,9,11
46,2,2,10,12
46,2,2,11,13
46,2,2,0,19
46,2,2,1,3
46,2,2,2,4
46,2,2,3,5
46,2,2,4,6
46,2,2,5,7
46,2,2,6,8
46,2,2,7,9
46,2,2,8,10
46,2,2,9,11
46,2,2,10,12
46,2,2,11,13
46,2,2,0,19
46,2,2,1,3
46,2,2,2,4
46,2,2,3,5
46,2,2,4,6
46,2,2,5,7
46,2,2,6,8
46,2,2,7,9
46,2,2,8,10
46,2,2,9,11
46,2,2,10,12
46,2,2,11,13
46,2,2,0,19
46,2,2,1,3
46,2,2,2,4
46,2,2,3,5
46,2,2,4,6
46,2,2,5,7
46,2,2,6,8
46,2,2,7,9
46,2,2,8,10
46,2,2,9,11
46,2,2,10,12
46,2,2,11,13
46,2,2,0,19
46,2,2,1,3
46,2,2,2,4
46,2,2,3,5
46,2,2,4,6
46,2,2,5,7
46,2,2,6,8
46,2,2,7,9
46,2,2,8,10
46,2,2,9,11
46,2,2,10,12
46,2,2,11,13
46,2,2,0,19
46,2,2,1,3
46,2,2,2,4
46,2,2,3,5
46,2,2,4,6
46,2,2,5,7
46,2,2,6,8
46,2,2,7,9
46,2,2,8,10
46,2,2,9,11
46,2,2,10,12
46,2,2,11,13
46,2,2,0,19
46,2,2,1,3
46,2,2,2,4
46,2,2,3,5
46,2,2,4,6
46,2,2,5,7
46,2,2,6,8
46,2,2,7,9
46,2,2,8,10
46,2,2,9,11
46,2,2,10,12
46,2,2,11,13
46,2,2,0,19
46,2,2,1,3
46,2,2,2,4
46,2,2,3,5
46,2,2,4,6
46,2,2,5,7
46,2,2,6,8
46,2,2,7,9
46,2,2,8,10
46,2,2,9,11
46,2,2,10,12
46,2,2,11,13
46,2,2,0,19
46,2,2,1,3
46,2,2,2,4
46,2,2,3,5
46,2,2,4,6
46,2,2,5,7
46,2,2,6,8
46,2,2,7,9
46,2,2,8,10
46,2,2,9,11
46,2,2,10,12
46,2,2,11,13
46,2,2,0,19
46,2,2,1,3
46,2,2,2,4
46,2,2,3,5
46,2,2,4,6
46,2,2,5,7
46,2,2,6,8
46,2,2,7,9
46,2,2,8,10
46,2,2,9,11
46,2,2,10,12
46,2,2,11,13
46,2,2,0,19
46,3,3,1,20
46,3,3,2,261
46,3,3,3,181
46,3,3,4,0
46,3,3,5,1
46,3,3,6,309
46,3,3,7,1
46,3,3,8,1
46,3,3,9,0
46,3,3,10,1
46,3,3,11,1
46,3,3,0,3
46,4,4,1,19
46,4,4,2,270
46,4,4,3,74
46,4,4,4,0
46,4,4,5,1
46,4,4,6,206
46,4,4,7,4
46,4,4,8,4
46,4,4,9,2
46,4,4,10,2
46,4,4,11,1
46,4,4,0,2
46,5,5,1,14
46,5,5,2,274
46,5,5,3,194
46,5,5,4,2
46,5,5,5,0
46,5,5,6,172
46,5,5,7,0
46,5,5,8,2
46,5,5,9,1
46,5,5,10,0
46,5,5,11,0
46,5,5,0,1
46,6,6,1,10
46,6,6,2,265
46,6,6,3,158
46,6,6,4,0
46,6,6,5,3
46,6,6,6,300
46,6,6,7,1
46,6,6,8,1
46,6,6,9,0
46,6,6,10,2
46,6,6,11,1
46,6,6,0,1
46,7,7,1,40
46,7,7,2,214
46,7,7,3,157
46,7,7,4,3
46,7,7,5,4
46,7,7,6,278
46,7,7,7,0
46,7,7,8,3
46,7,7,9,1
46,7,7,10,1
46,7,7,11,3
46,7,7,0,3
46,8,8,1,26
46,8,8,2,400
46,8,8,3,86
46,8,8,4,6
46,8,8,5,1
46,8,8,6,200
46,8,8,7,3
46,8,8,8,5
46,8,8,9,1
46,8,8,10,2
46,8,8,11,5
46,8,8,0,3
46,9,9,1,23
46,9,9,2,191
46,9,9,3,177
46,9,9,4,5
46,9,9,5,3
46,9,9,6,395
46,9,9,7,1
46,9,9,8,0
46,9,9,9,2
46,9,9,10,0
46,9,9,11,1
46,9,9,0,1
46,10,10,1,20
46,10,10,2,420
46,10,10,3,159
46,10,10,4,2
46,10,10,5,2
46,10,10,6,236
46,10,10,7,3
46,10,10,8,1
46,10,10,9,0
46,10,10,10,1
46,10,10,11,2
46,10,10,0,2
46,11,11,1,27
46,11,11,2,317
46,11,11,3,215
46,11,11,4,1
46,11,11,5,4
46,11,11,6,311
46,11,11,7,1
46,11,11,8,4
46,11,11,9,1
46,11,11,10,1
46,11,11,11,0
46,11,11,0,1
46,11,11,1,0
46,11,11,2,0
46,11,11,3,0
46,11,11,4,0
46,11,11,5,0
46,11,11,6,0
46,11,11,7,0
46,11,11,8,0
46,11,11,9,0
46,11,11,10,0
46,11,11,11,0
46,11,11,0,0
46,12,12,1,0
46,12,12,2,0
46,12,12,3,0
46,12,12,4,0
46,12,12,5,0
46,12,12,6,0
46,12,12,7,0
46,12,12,8,0
46,12,12,9,0
46,12,12,10,0
46,12,12,11,0
46,12,12,0,0
46,12,12,1,21
46,12,12,2,465
46,12,12,3,98
46,12,12,4,0
46,12,12,5,0
46,12,12,6,202
46,12,12,7,0
46,12,12,8,3
46,12,12,9,0
46,12,12,10,0
46,12,12,11,0
46,12,12,0,0
46,13,13,1,36
46,13,13,2,393
46,13,13,3,223
46,13,13,4,0
46,13,13,5,3
46,13,13,6,386
46,13,13,7,1
46,13,13,8,3
46,13,13,9,0
46,13,13,10,4
46,13,13,11,1
46,13,13,0,7
46,13,13,1,0
46,13,13,2,0
46,13,13,3,0
46,13,13,4,0
46,13,13,5,0
46,13,13,6,0
46,13,13,7,0
46,13,13,8,0
46,13,13,9,0
46,13,13,10,0
46,13,13,11,0
46,13,13,0,0
46,14,14,1,15
46,14,14,2,279
46,14,14,3,116
46,14,14,4,2
46,14,14,5,6
46,14,14,6,297
46,14,14,7,3
46,14,14,8,1
46,14,14,9,0
46,14,14,10,0
46,14,14,11,0
46,14,14,0,4
46,15,15,1,20
46,15,15,2,314
46,15,15,3,113
46,15,15,4,1
46,15,15,5,4
46,15,15,6,317
46,15,15,7,1
46,15,15,8,4
46,15,15,9,0
46,15,15,10,0
46,15,15,11,3
46,15,15,0,3
46,16,16,1,32
46,16,16,2,406
46,16,16,3,84
46,16,16,4,0
46,16,16,5,0
46,16,16,6,209
46,16,16,7,3
46,16,16,8,1
46,16,16,9,1
46,16,16,10,1
46,16,16,11,0
46,16,16,0,5
46,17,17,1,35
46,17,17,2,354
46,17,17,3,128
46,17,17,4,2
46,17,17,5,0
46,17,17,6,177
46,17,17,7,2
46,17,17,8,5
46,17,17,9,0
46,17,17,10,0
46,17,17,11,0
46,17,17,0,3
46,18,18,1,17
46,18,18,2,689
46,18,18,3,105
46,18,18,4,1
46,18,18,5,1
46,18,18,6,112
46,18,18,7,1
46,18,18,8,1
46,18,18,9,1
46,18,18,10,1
46,18,18,11,1
46,18,18,0,4
46,19,19,1,20
46,19,19,2,269
46,19,19,3,36
46,19,19,4,2
46,19,19,5,1
46,19,19,6,118
46,19,19,7,0
46,19,19,8,1
46,19,19,9,0
46,19,19,10,1
46,19,19,11,0
46,19,19,0,0
46,20,20,1,12
46,20,20,2,167
46,20,20,3,126
46,20,20,4,0
46,20,20,5,2
46,20,20,6,185
46,20,20,7,0
46,20,20,8,0
46,20,20,9,1
46,20,20,10,1
46,20,20,11,0
46,20,20,0,0
46,21,21,1,0
46,21,21,2,0
46,21,21,3,0
46,21,21,4,0
46,21,21,5,0
46,21,21,6,0
46,21,21,7,0
46,21,21,8,0
46,21,21,9,0
46,21,21,10,0
46,21,21,11,0
46,21,21,0,0
46,21,21,1,33
46,21,21,2,326
46,21,21,3,140
46,21,21,4,2
46,21,21,5,4
46,21,21,6,411
46,21,21,7,2
46,21,21,8,2
46,21,21,9,0
46,21,21,10,1
46,21,21,11,0
46,21,21,0,2
46,22,22,1,0
46,22,22,2,0
46,22,22,3,0
46,22,22,4,0
46,22,22,5,0
46,22,22,6,0
46,22,22,7,0
46,22,22,8,0
46,22,22,9,0
46,22,22,10,0
46,22,22,11,0
46,22,22,0,0
46,22,22,1,20
46,22,22,2,348
46,22,22,3,145
46,22,22,4,1
46,22,22,5,0
46,22,22,6,186
46,22,22,7,1
46,22,22,8,0
46,22,22,9,0
46,22,22,10,4
46,22,22,11,0
46,22,22,0,1
46,23,23,1,0
46,23,23,2,0
46,23,23,3,0
46,23,23,4,0
46,23,23,5,0
46,23,23,6,0
46,23,23,7,0
46,23,23,8,0
46,23,23,9,0
46,23,23,10,0
46,23,23,11,0
46,23,23,0,0
46,23,23,1,9
46,23,23,2,88
46,23,23,3,66
46,23,23,4,1
46,23,23,5,2
46,23,23,6,202
46,23,23,7,1
46,23,23,8,2
46,23,23,9,0
46,23,23,10,1
46,23,23,11,1
46,23,23,0,0
46,24,24,1,24
46,24,24,2,367
46,24,24,3,115
46,24,24,4,1
46,24,24,5,0
46,24,24,6,207
46,24,24,7,0
46,24,24,8,3
46,24,24,9,0
46,24,24,10,1
46,24,24,11,1
46,24,24,0,5
46,25,25,1,24
46,25,25,2,437
46,25,25,3,225
46,25,25,4,2
46,25,25,5,0
46,25,25,6,233
46,25,25,7,1
46,25,25,8,5
46,25,25,9,0
46,25,25,10,1
46,25,25,11,2
46,25,25,0,4
46,26,26,1,13
46,26,26,2,370
46,26,26,3,76
46,26,26,4,2
46,26,26,5,2
46,26,26,6,196
46,26,26,7,1
46,26,26,8,1
46,26,26,9,0
46,26,26,10,1
46,26,26,11,1
46,26,26,0,5
46,27,27,1,32
46,27,27,2,374
46,27,27,3,137
46,27,27,4,0
46,27,27,5,1
46,27,27,6,221
46,27,27,7,0
46,27,27,8,0
46,27,27,9,0
46,27,27,10,1
46,27,27,11,0
46,27,27,0,0
46,28,28,1,24
46,28,28,2,197
46,28,28,3,226
46,28,28,4,2
46,28,28,5,1
46,28,28,6,286
46,28,28,7,2
46,28,28,8,3
46,28,28,9,2
46,28,28,10,1
46,28,28,11,2
46,28,28,0,2
46,29,29,1,7
46,29,29,2,75
46,29,29,3,319
46,29,29,4,0
46,29,29,5,2
46,29,29,6,197
46,29,29,7,0
46,29,29,8,1
46,29,29,9,0
46,29,29,10,2
46,29,29,11,0
46,29,29,0,2
46,30,30,1,11
46,30,30,2,180
46,30,30,3,326
46,30,30,4,2
46,30,30,5,1
46,30,30,6,232
46,30,30,7,1
46,30,30,8,4
46,30,30,9,0
46,30,30,10,1
46,30,30,11,2
46,30,30,0,4
46,31,31,1,0
46,31,31,2,0
46,31,31,3,0
46,31,31,4,0
46,31,31,5,0
46,31,31,6,0
46,31,31,7,0
46,31,31,8,0
46,31,31,9,0
46,31,31,10,0
46,31,31,11,0
46,31,31,0,0
46,31,31,1,16
46,31,31,2,116
46,31,31,3,302
46,31,31,4,4
46,31,31,5,3
46,31,31,6,349
46,31,31,7,2
46,31,31,8,5
46,31,31,9,1
46,31,31,10,4
46,31,31,11,2
46,31,31,0,4
46,32,32,1,0
46,32,32,2,0
46,32,32,3,0
46,32,32,4,0
46,32,32,5,0
46,32,32,6,0
46,32,32,7,0
46,32,32,8,0
46,32,32,9,0
46,32,32,10,0
46,32,32,11,0
46,32,32,0,0
46,32,32,1,33
46,32,32,2,272
46,32,32,3,209
46,32,32,4,2
46,32,32,5,1
46,32,32,6,498
46,32,32,7,4
46,32,32,8,0
46,32,32,9,0
46,32,32,10,0
46,32,32,11,0
46,32,32,0,4
46,33,33,1,6
46,33,33,2,92
46,33,33,3,418
46,33,33,4,4
46,33,33,5,1
46,33,33,6,323
46,33,33,7,4
46,33,33,8,3
46,33,33,9,0
46,33,33,10,0
46,33,33,11,1
46,33,33,0,3
46,33,33,1,0
46,33,33,2,0
46,33,33,3,0
46,33,33,4,0
46,33,33,5,0
46,33,33,6,0
46,33,33,7,0
46,33,33,8,0
46,33,33,9,0
46,33,33,10,0
46,33,33,11,0
46,33,33,0,0
46,34,34,1,11
46,34,34,2,51
46,34,34,3,583
46,34,34,4,2
46,34,34,5,0
46,34,34,6,196
46,34,34,7,0
46,34,34,8,0
46,34,34,9,1
46,34,34,10,1
46,34,34,11,0
46,34,34,0,2
46,35,35,1,10
46,35,35,2,88
46,35,35,3,488
46,35,35,4,4
46,35,35,5,1
46,35,35,6,188
46,35,35,7,0
46,35,35,8,5
46,35,35,9,1
46,35,35,10,5
46,35,35,11,0
46,35,35,0,4
46,36,36,1,12
46,36,36,2,98
46,36,36,3,566
46,36,36,4,3
46,36,36,5,2
46,36,36,6,205
46,36,36,7,2
46,36,36,8,2
46,36,36,9,0
46,36,36,10,0
46,36,36,11,0
46,36,36,0,1
46,37,37,1,8
46,37,37,2,44
46,37,37,3,602
46,37,37,4,2
46,37,37,5,4
46,37,37,6,150
46,37,37,7,0
46,37,37,8,2
46,37,37,9,0
46,37,37,10,3
46,37,37,11,1
46,37,37,0,2
46,38,38,1,8
46,38,38,2,66
46,38,38,3,441
46,38,38,4,3
46,38,38,5,1
46,38,38,6,158
46,38,38,7,0
46,38,38,8,5
46,38,38,9,0
46,38,38,10,2
46,38,38,11,0
46,38,38,0,1
46,39,39,1,9
46,39,39,2,25
46,39,39,3,510
46,39,39,4,1
46,39,39,5,0
46,39,39,6,123
46,39,39,7,2
46,39,39,8,2
46,39,39,9,1
46,39,39,10,1
46,39,39,11,0
46,39,39,0,1
46,40,40,1,22
46,40,40,2,237
46,40,40,3,220
46,40,40,4,0
46,40,40,5,0
46,40,40,6,349
46,40,40,7,0
46,40,40,8,0
46,40,40,9,0
46,40,40,10,0
46,40,40,11,0
46,40,40,0,3
46,41,41,1,0
46,41,41,2,0
46,41,41,3,0
46,41,41,4,0
46,41,41,5,0
46,41,41,6,0
46,41,41,7,0
46,41,41,8,0
46,41,41,9,0
46,41,41,10,0
46,41,41,11,0
46,41,41,0,0
46,41,41,1,16
46,41,41,2,171
46,41,41,3,124
46,41,41,4,2
46,41,41,5,0
46,41,41,6,255
46,41,41,7,1
46,41,41,8,2
46,41,41,9,0
46,41,41,10,0
46,41,41,11,0
46,41,41,0,2
46,42,42,1,0
46,42,42,2,0
46,42,42,3,0
46,42,42,4,0
46,42,42,5,0
46,42,42,6,0
46,42,42,7,0
46,42,42,8,0
46,42,42,9,0
46,42,42,10,0
46,42,42,11,0
46,42,42,0,0
46,42,42,1,22
46,42,42,2,170
46,42,42,3,157
46,42,42,4,1
46,42,42,5,0
46,42,42,6,256
46,42,42,7,0
46,42,42,8,1
46,42,42,9,0
46,42,42,10,1
46,42,42,11,0
46,42,42,0,3
46,43,43,1,0
46,43,43,2,0
46,43,43,3,0
46,43,43,4,0
46,43,43,5,0
46,43,43,6,0
46,43,43,7,0
46,43,43,8,0
46,43,43,9,0
46,43,43,10,0
46,43,43,11,0
46,43,43,0,0
46,43,43,1,24
46,43,43,2,255
46,43,43,3,248
46,43,43,4,0
46,43,43,5,2
46,43,43,6,303
46,43,43,7,2
46,43,43,8,1
46,43,43,9,1
46,43,43,10,1
46,43,43,11,1
46,43,43,0,3
46,44,44,1,17
46,44,44,2,238
46,44,44,3,218
46,44,44,4,1
46,44,44,5,1
46,44,44,6,286
46,44,44,7,1
46,44,44,8,2
46,44,44,9,0
46,44,44,10,1
46,44,44,11,1
46,44,44,0,5
46,45,45,1,21
46,45,45,2,261
46,45,45,3,188
46,45,45,4,1
46,45,45,5,1
46,45,45,6,303
46,45,45,7,1
46,45,45,8,1
46,45,45,9,0
46,45,45,10,1
46,45,45,11,0
46,45,45,0,4
46,46,46,1,7
46,46,46,2,35
46,46,46,3,687
46,46,46,4,1
46,46,46,5,2
46,46,46,6,131
46,46,46,7,0
46,46,46,8,2
46,46,46,9,0
46,46,46,10,0
46,46,46,11,1
46,46,46,0,2
46,47,47,1,12
46,47,47,2,278
46,47,47,3,214
46,47,47,4,1
46,47,47,5,3
46,47,47,6,310
46,47,47,7,0
46,47,47,8,1
46,47,47,9,1
46,47,47,10,0
46,47,47,11,2
46,47,47,0,0
46,48,48,1,6
46,48,48,2,206
46,48,48,3,207
46,48,48,4,1
46,48,48,5,7
46,48,48,6,409
46,48,48,7,1
46,48,48,8,0
46,48,48,9,0
46,48,48,10,0
46,48,48,11,0
46,48,48,0,3
46,49,49,1,21
46,49,49,2,246
46,49,49,3,155
46,49,49,4,1
46,49,49,5,1
46,49,49,6,320
46,49,49,7,1
46,49,49,8,2
46,49,49,9,1
46,49,49,10,3
46,49,49,11,1
46,49,49,0,0
46,50,50,1,27
46,50,50,2,291
46,50,50,3,150
46,50,50,4,0
46,50,50,5,1
46,50,50,6,347
46,50,50,7,0
46,50,50,8,3
46,50,50,9,0
46,50,50,10,2
46,50,50,11,1
46,50,50,0,2
46,51,51,1,0
46,51,51,2,0
46,51,51,3,0
46,51,51,4,0
46,51,51,5,0
46,51,51,6,0
46,51,51,7,0
46,51,51,8,0
46,51,51,9,0
46,51,51,10,0
46,51,51,11,0
46,51,51,0,0
46,51,51,1,15
46,51,51,2,175
46,51,51,3,214
46,51,51,4,2
46,51,51,5,1
46,51,51,6,287
46,51,51,7,3
46,51,51,8,0
46,51,51,9,0
46,51,51,10,0
46,51,51,11,0
46,51,51,0,4
46,52,52,1,0
46,52,52,2,0
46,52,52,3,0
46,52,52,4,0
46,52,52,5,0
46,52,52,6,0
46,52,52,7,0
46,52,52,8,0
46,52,52,9,0
46,52,52,10,0
46,52,52,11,0
46,52,52,0,0
46,52,52,1,11
46,52,52,2,80
46,52,52,3,238
46,52,52,4,2
46,52,52,5,0
46,52,52,6,176
46,52,52,7,3
46,52,52,8,0
46,52,52,9,0
46,52,52,10,0
46,52,52,11,0
46,52,52,0,1
46,53,53,1,8
46,53,53,2,38
46,53,53,3,226
46,53,53,4,0
46,53,53,5,0
46,53,53,6,162
46,53,53,7,2
46,53,53,8,1
46,53,53,9,0
46,53,53,10,0
46,53,53,11,0
46,53,53,0,9
46,53,53,1,0
46,53,53,2,0
46,53,53,3,0
46,53,53,4,0
46,53,53,5,0
46,53,53,6,0
46,53,53,7,0
46,53,53,8,0
46,53,53,9,0
46,53,53,10,0
46,53,53,11,0
46,53,53,0,0
46,54,54,1,18
46,54,54,2,216
46,54,54,3,131
46,54,54,4,0
46,54,54,5,1
46,54,54,6,217
46,54,54,7,1
46,54,54,8,0
46,54,54,9,0
46,54,54,10,0
46,54,54,11,1
46,54,54,0,1
46,55,55,1,16
46,55,55,2,232
46,55,55,3,159
46,55,55,4,1
46,55,55,5,0
46,55,55,6,246
46,55,55,7,1
46,55,55,8,0
46,55,55,9,0
46,55,55,10,0
46,55,55,11,0
46,55,55,0,7
46,56,56,1,15
46,56,56,2,226
46,56,56,3,140
46,56,56,4,2
46,56,56,5,1
46,56,56,6,268
46,56,56,7,0
46,56,56,8,1
46,56,56,9,0
46,56,56,10,1
46,56,56,11,0
46,56,56,0,2
46,57,57,1,23
46,57,57,2,182
46,57,57,3,131
46,57,57,4,0
46,57,57,5,0
46,57,57,6,198
46,57,57,7,1
46,57,57,8,0
46,57,57,9,0
46,57,57,10,2
46,57,57,11,0
46,57,57,0,5
46,58,58,1,12
46,58,58,2,187
46,58,58,3,153
46,58,58,4,0
46,58,58,5,1
46,58,58,6,232
46,58,58,7,3
46,58,58,8,2
46,58,58,9,0
46,58,58,10,1
46,58,58,11,1
46,58,58,0,4
46,59,59,1,14
46,59,59,2,187
46,59,59,3,96
46,59,59,4,0
46,59,59,5,0
46,59,59,6,241
46,59,59,7,2
46,59,59,8,0
46,59,59,9,0
46,59,59,10,1
46,59,59,11,1
46,59,59,0,2
46,60,60,1,19
46,60,60,2,121
46,60,60,3,156
46,60,60,4,0
46,60,60,5,0
46,60,60,6,315
46,60,60,7,1
46,60,60,8,0
46,60,60,9,1
46,60,60,10,0
46,60,60,11,1
46,60,60,0,0
46,61,61,1,0
46,61,61,2,0
46,61,61,3,0
46,61,61,4,0
46,61,61,5,0
46,61,61,6,0
46,61,61,7,0
46,61,61,8,0
46,61,61,9,0
46,61,61,10,0
46,61,61,11,0
46,61,61,0,0
46,61,61,1,18
46,61,61,2,132
46,61,61,3,93
46,61,61,4,0
46,61,61,5,2
46,61,61,6,343
46,61,61,7,3
46,61,61,8,3
46,61,61,9,0
46,61,61,10,0
46,61,61,11,1
46,61,61,0,2
46,62,62,1,0
46,62,62,2,0
46,62,62,3,0
46,62,62,4,0
46,62,62,5,0
46,62,62,6,0
46,62,62,7,0
46,62,62,8,0
46,62,62,9,0
46,62,62,10,0
46,62,62,11,0
46,62,62,0,0
46,62,62,1,19
46,62,62,2,137
46,62,62,3,129
46,62,62,4,0
46,62,62,5,1
46,62,62,6,237
46,62,62,7,0
46,62,62,8,1
46,62,62,9,0
46,62,62,10,0
46,62,62,11,0
46,62,62,0,2
46,63,63,1,0
46,63,63,2,0
46,63,63,3,0
46,63,63,4,0
46,63,63,5,0
46,63,63,6,0
46,63,63,7,0
46,63,63,8,0
46,63,63,9,0
46,63,63,10,0
46,63,63,11,0
46,63,63,0,0
46,63,63,1,9
46,63,63,2,122
46,63,63,3,92
46,63,63,4,1
46,63,63,5,0
46,63,63,6,157
46,63,63,7,0
46,63,63,8,2
46,63,63,9,0
46,63,63,10,1
46,63,63,11,0
46,63,63,0,3
46,64,64,1,14
46,64,64,2,157
46,64,64,3,136
46,64,64,4,1
46,64,64,5,1
46,64,64,6,263
46,64,64,7,1
46,64,64,8,0
46,64,64,9,1
46,64,64,10,1
46,64,64,11,0
46,64,64,0,3
46,65,65,1,19
46,65,65,2,102
46,65,65,3,253
46,65,65,4,2
46,65,65,5,1
46,65,65,6,453
46,65,65,7,4
46,65,65,8,1
46,65,65,9,0
46,65,65,10,2
46,65,65,11,0
46,65,65,0,0
46,66,66,1,11
46,66,66,2,140
46,66,66,3,220
46,66,66,4,0
46,66,66,5,3
46,66,66,6,332
46,66,66,7,1
46,66,66,8,3
46,66,66,9,0
46,66,66,10,1
46,66,66,11,0
46,66,66,0,4
46,67,67,1,35
46,67,67,2,112
46,67,67,3,224
46,67,67,4,2
46,67,67,5,0
46,67,67,6,379
46,67,67,7,2
46,67,67,8,1
46,67,67,9,0
46,67,67,10,0
46,67,67,11,3
46,67,67,0,2
46,68,68,1,42
46,68,68,2,247
46,68,68,3,200
46,68,68,4,2
46,68,68,5,4
46,68,68,6,438
46,68,68,7,1
46,68,68,8,1
46,68,68,9,1
46,68,68,10,0
46,68,68,11,2
46,68,68,0,3
46,69,69,1,23
46,69,69,2,103
46,69,69,3,129
46,69,69,4,3
46,69,69,5,2
46,69,69,6,349
46,69,69,7,0
46,69,69,8,4
46,69,69,9,2
46,69,69,10,0
46,69,69,11,1
46,69,69,0,8
46,70,70,1,23
46,70,70,2,164
46,70,70,3,167
46,70,70,4,2
46,70,70,5,2
46,70,70,6,258
46,70,70,7,1
46,70,70,8,0
46,70,70,9,0
46,70,70,10,1
46,70,70,11,0
46,70,70,0,4
46,71,71,1,0
46,71,71,2,0
46,71,71,3,0
46,71,71,4,0
46,71,71,5,0
46,71,71,6,0
46,71,71,7,0
46,71,71,8,0
46,71,71,9,0
46,71,71,10,0
46,71,71,11,0
46,71,71,0,0
46,71,71,1,21
46,71,71,2,88
46,71,71,3,83
46,71,71,4,1
46,71,71,5,0
46,71,71,6,152
46,71,71,7,0
46,71,71,8,0
46,71,71,9,2
46,71,71,10,1
46,71,71,11,1
46,71,71,0,2
46,72,72,1,0
46,72,72,2,0
46,72,72,3,0
46,72,72,4,0
46,72,72,5,0
46,72,72,6,0
46,72,72,7,0
46,72,72,8,0
46,72,72,9,0
46,72,72,10,0
46,72,72,11,0
46,72,72,0,0
46,72,72,1,21
46,72,72,2,156
46,72,72,3,103
46,72,72,4,1
46,72,72,5,0
46,72,72,6,294
46,72,72,7,1
46,72,72,8,0
46,72,72,9,1
46,72,72,10,0
46,72,72,11,0
46,72,72,0,7
46,73,73,1,20
46,73,73,2,224
46,73,73,3,189
46,73,73,4,0
46,73,73,5,3
46,73,73,6,294
46,73,73,7,0
46,73,73,8,3
46,73,73,9,0
46,73,73,10,0
46,73,73,11,2
46,73,73,0,3
46,73,73,1,0
46,73,73,2,0
46,73,73,3,0
46,73,73,4,0
46,73,73,5,0
46,73,73,6,0
46,73,73,7,0
46,73,73,8,0
46,73,73,9,0
46,73,73,10,0
46,73,73,11,0
46,73,73,0,0
46,74,74,1,16
46,74,74,2,160
46,74,74,3,139
46,74,74,4,1
46,74,74,5,0
46,74,74,6,279
46,74,74,7,0
46,74,74,8,1
46,74,74,9,0
46,74,74,10,0
46,74,74,11,0
46,74,74,0,6
46,75,75,1,17
46,75,75,2,191
46,75,75,3,148
46,75,75,4,0
46,75,75,5,2
46,75,75,6,202
46,75,75,7,0
46,75,75,8,0
46,75,75,9,1
46,75,75,10,1
46,75,75,11,0
46,75,75,0,1
46,76,76,1,17
46,76,76,2,147
46,76,76,3,164
46,76,76,4,0
46,76,76,5,0
46,76,76,6,229
46,76,76,7,2
46,76,76,8,0
46,76,76,9,1
46,76,76,10,0
46,76,76,11,0
46,76,76,0,2
46,77,77,1,16
46,77,77,2,214
46,77,77,3,163
46,77,77,4,2
46,77,77,5,1
46,77,77,6,239
46,77,77,7,2
46,77,77,8,0
46,77,77,9,3
46,77,77,10,0
46,77,77,11,0
46,77,77,0,2
46,78,78,1,22
46,78,78,2,217
46,78,78,3,120
46,78,78,4,0
46,78,78,5,1
46,78,78,6,288
46,78,78,7,1
46,78,78,8,0
46,78,78,9,2
46,78,78,10,0
46,78,78,11,0
46,78,78,0,2
46,79,79,1,9
46,79,79,2,163
46,79,79,3,118
46,79,79,4,1
46,79,79,5,2
46,79,79,6,141
46,79,79,7,1
46,79,79,8,0
46,79,79,9,0
46,79,79,10,0
46,79,79,11,1
46,79,79,0,2
46,80,80,1,6
46,80,80,2,149
46,80,80,3,116
46,80,80,4,0
46,80,80,5,1
46,80,80,6,180
46,80,80,7,1
46,80,80,8,1
46,80,80,9,1
46,80,80,10,0
46,80,80,11,0
46,80,80,0,4
46,81,81,1,0
46,81,81,2,0
46,81,81,3,0
46,81,81,4,0
46,81,81,5,0
46,81,81,6,0
46,81,81,7,0
46,81,81,8,0
46,81,81,9,0
46,81,81,10,0
46,81,81,11,0
46,81,81,0,0
46,81,81,1,18
46,81,81,2,231
46,81,81,3,139
46,81,81,4,2
46,81,81,5,0
46,81,81,6,222
46,81,81,7,1
46,81,81,8,2
46,81,81,9,0
46,81,81,10,0
46,81,81,11,0
46,81,81,0,7
46,82,82,1,0
46,82,82,2,0
46,82,82,3,0
46,82,82,4,0
46,82,82,5,0
46,82,82,6,0
46,82,82,7,0
46,82,82,8,0
46,82,82,9,0
46,82,82,10,0
46,82,82,11,0
46,82,82,0,0
46,82,82,1,25
46,82,82,2,212
46,82,82,3,218
46,82,82,4,1
46,82,82,5,1
46,82,82,6,319
46,82,82,7,1
46,82,82,8,2
46,82,82,9,0
46,82,82,10,2
46,82,82,11,0
46,82,82,0,2
46,83,83,1,0
46,83,83,2,0
46,83,83,3,0
46,83,83,4,0
46,83,83,5,0
46,83,83,6,0
46,83,83,7,0
46,83,83,8,0
46,83,83,9,0
46,83,83,10,0
46,83,83,11,0
46,83,83,0,0
46,83,83,1,13
46,83,83,2,115
46,83,83,3,173
46,83,83,4,1
46,83,83,5,0
46,83,83,6,186
46,83,83,7,1
46,83,83,8,0
46,83,83,9,0
46,83,83,10,4
46,83,83,11,0
46,83,83,0,0
46,84,84,1,12
46,84,84,2,101
46,84,84,3,314
46,84,84,4,3
46,84,84,5,1
46,84,84,6,196
46,84,84,7,0
46,84,84,8,0
46,84,84,9,0
46,84,84,10,0
46,84,84,11,0
46,84,84,0,1
46,85,85,1,18
46,85,85,2,189
46,85,85,3,217
46,85,85,4,1
46,85,85,5,0
46,85,85,6,194
46,85,85,7,2
46,85,85,8,0
46,85,85,9,0
46,85,85,10,0
46,85,85,11,0
46,85,85,0,0
46,86,86,1,12
46,86,86,2,166
46,86,86,3,191
46,86,86,4,1
46,86,86,5,0
46,86,86,6,226
46,86,86,7,0
46,86,86,8,0
46,86,86,9,1
46,86,86,10,1
46,86,86,11,0
46,86,86,0,1
46,87,87,1,9
46,87,87,2,116
46,87,87,3,139
46,87,87,4,0
46,87,87,5,0
46,87,87,6,122
46,87,87,7,1
46,87,87,8,1
46,87,87,9,0
46,87,87,10,0
46,87,87,11,0
46,87,87,0,1
46,88,88,1,13
46,88,88,2,274
46,88,88,3,217
46,88,88,4,1
46,88,88,5,0
46,88,88,6,174
46,88,88,7,2
46,88,88,8,1
46,88,88,9,1
46,88,88,10,1
46,88,88,11,1
46,88,88,0,3
46,89,89,1,19
46,89,89,2,180
46,89,89,3,268
46,89,89,4,2
46,89,89,5,0
46,89,89,6,287
46,89,89,7,5
46,89,89,8,1
46,89,89,9,0
46,89,89,10,1
46,89,89,11,0
46,89,89,0,3
46,90,90,1,14
46,90,90,2,190
46,90,90,3,148
46,90,90,4,1
46,90,90,5,0
46,90,90,6,324
46,90,90,7,0
46,90,90,8,1
46,90,90,9,0
46,90,90,10,0
46,90,90,11,1
46,90,90,0,2
46,91,91,1,18
46,91,91,2,209
46,91,91,3,176
46,91,91,4,2
46,91,91,5,1
46,91,91,6,353
46,91,91,7,0
46,91,91,8,1
46,91,91,9,0
46,91,91,10,3
46,91,91,11,0
46,91,91,0,5
46,91,91,1,0
46,91,91,2,0
46,91,91,3,0
46,91,91,4,0
46,91,91,5,0
46,91,91,6,0
46,91,91,7,0
46,91,91,8,0
46,91,91,9,0
46,91,91,10,0
46,91,91,11,0
46,91,91,0,0
46,92,92,1,0
46,92,92,2,0
46,92,92,3,0
46,92,92,4,0
46,92,92,5,0
46,92,92,6,0
46,92,92,7,0
46,92,92,8,0
46,92,92,9,0
46,92,92,10,0
46,92,92,11,0
46,92,92,0,0
46,92,92,1,27
46,92,92,2,259
46,92,92,3,108
46,92,92,4,1
46,92,92,5,0
46,92,92,6,312
46,92,92,7,0
46,92,92,8,0
46,92,92,9,0
46,92,92,10,1
46,92,92,11,0
46,92,92,0,5
46,93,93,1,21
46,93,93,2,311
46,93,93,3,135
46,93,93,4,2
46,93,93,5,2
46,93,93,6,339
46,93,93,7,1
46,93,93,8,1
46,93,93,9,0
46,93,93,10,1
46,93,93,11,0
46,93,93,0,7
46,93,93,1,0
46,93,93,2,0
46,93,93,3,0
46,93,93,4,0
46,93,93,5,0
46,93,93,6,0
46,93,93,7,0
46,93,93,8,0
46,93,93,9,0
46,93,93,10,0
46,93,93,11,0
46,93,93,0,0
46,94,94,1,18
46,94,94,2,371
46,94,94,3,152
46,94,94,4,1
46,94,94,5,1
46,94,94,6,306
46,94,94,7,0
46,94,94,8,1
46,94,94,9,1
46,94,94,10,1
46,94,94,11,0
46,94,94,0,2
46,95,95,1,25
46,95,95,2,323
46,95,95,3,120
46,95,95,4,3
46,95,95,5,2
46,95,95,6,260
46,95,95,7,0
46,95,95,8,3
46,95,95,9,0
46,95,95,10,0
46,95,95,11,1
46,95,95,0,2
46,96,96,1,18
46,96,96,2,214
46,96,96,3,155
46,96,96,4,1
46,96,96,5,1
46,96,96,6,191
46,96,96,7,0
46,96,96,8,4
46,96,96,9,0
46,96,96,10,0
46,96,96,11,0
46,96,96,0,9
46,97,97,1,18
46,97,97,2,207
46,97,97,3,66
46,97,97,4,2
46,97,97,5,2
46,97,97,6,239
46,97,97,7,1
46,97,97,8,0
46,97,97,9,0
46,97,97,10,1
46,97,97,11,1
46,97,97,0,3
46,98,98,1,23
46,98,98,2,251
46,98,98,3,119
46,98,98,4,0
46,98,98,5,1
46,98,98,6,261
46,98,98,7,1
46,98,98,8,0
46,98,98,9,0
46,98,98,10,0
46,98,98,11,0
46,98,98,0,7
46,99,99,1,14
46,99,99,2,221
46,99,99,3,109
46,99,99,4,1
46,99,99,5,1
46,99,99,6,204
46,99,99,7,1
46,99,99,8,1
46,99,99,9,0
46,99,99,10,0
46,99,99,11,0
46,99,99,0,4
46,100,100,1,22
46,100,100,2,153
46,100,100,3,107
46,100,100,4,1
46,100,100,5,2
46,100,100,6,374
46,100,100,7,0
46,100,100,8,2
46,100,100,9,0
46,100,100,10,1
46,100,100,11,0
46,100,100,0,4
46,101,101,1,0
46,101,101,2,0
46,101,101,3,0
46,101,101,4,0
46,101,101,5,0
46,101,101,6,0
46,101,101,7,0
46,101,101,8,0
46,101,101,9,0
46,101,101,10,0
46,101,101,11,0
46,101,101,0,0
46,101,101,1,14
46,101,101,2,187
46,101,101,3,140
46,101,101,4,1
46,101,101,5,0
46,101,101,6,236
46,101,101,7,0
46,101,101,8,0
46,101,101,9,0
46,101,101,10,0
46,101,101,11,1
46,101,101,0,1
46,102,102,1,0
46,102,102,2,0
46,102,102,3,0
46,102,102,4,0
46,102,102,5,0
46,102,102,6,0
46,102,102,7,0
46,102,102,8,0
46,102,102,9,0
46,102,102,10,0
46,102,102,11,0
46,102,102,0,0
46,102,102,1,12
46,102,102,2,140
46,102,102,3,104
46,102,102,4,3
46,102,102,5,0
46,102,102,6,153
46,102,102,7,0
46,102,102,8,0
46,102,102,9,1
46,102,102,10,0
46,102,102,11,0
46,102,102,0,0
46,103,103,1,0
46,103,103,2,0
46,103,103,3,0
46,103,103,4,0
46,103,103,5,0
46,103,103,6,0
46,103,103,7,0
46,103,103,8,0
46,103,103,9,0
46,103,103,10,0
46,103,103,11,0
46,103,103,0,0
46,103,103,1,18
46,103,103,2,221
46,103,103,3,126
46,103,103,4,0
46,103,103,5,1
46,103,103,6,269
46,103,103,7,0
46,103,103,8,0
46,103,103,9,0
46,103,103,10,1
46,103,103,11,3
46,103,103,0,4
46,104,104,1,21
46,104,104,2,177
46,104,104,3,172
46,104,104,4,2
46,104,104,5,0
46,104,104,6,219
46,104,104,7,1
46,104,104,8,1
46,104,104,9,1
46,104,104,10,0
46,104,104,11,0
46,104,104,0,2
46,105,105,1,38
46,105,105,2,215
46,105,105,3,218
46,105,105,4,2
46,105,105,5,4
46,105,105,6,280
46,105,105,7,0
46,105,105,8,0
46,105,105,9,0
46,105,105,10,0
46,105,105,11,1
46,105,105,0,7
46,106,106,1,25
46,106,106,2,216
46,106,106,3,215
46,106,106,4,1
46,106,106,5,3
46,106,106,6,246
46,106,106,7,5
46,106,106,8,1
46,106,106,9,0
46,106,106,10,1
46,106,106,11,2
46,106,106,0,5
46,107,107,1,42
46,107,107,2,135
46,107,107,3,227
46,107,107,4,5
46,107,107,5,2
46,107,107,6,378
46,107,107,7,3
46,107,107,8,3
46,107,107,9,0
46,107,107,10,0
46,107,107,11,5
46,107,107,0,4
46,108,108,1,16
46,108,108,2,260
46,108,108,3,166
46,108,108,4,1
46,108,108,5,0
46,108,108,6,194
46,108,108,7,1
46,108,108,8,0
46,108,108,9,0
46,108,108,10,0
46,108,108,11,0
46,108,108,0,2
46,109,109,1,12
46,109,109,2,157
46,109,109,3,126
46,109,109,4,0
46,109,109,5,3
46,109,109,6,197
46,109,109,7,0
46,109,109,8,1
46,109,109,9,1
46,109,109,10,1
46,109,109,11,5
46,109,109,0,1
46,110,110,1,13
46,110,110,2,148
46,110,110,3,161
46,110,110,4,0
46,110,110,5,1
46,110,110,6,160
46,110,110,7,0
46,110,110,8,2
46,110,110,9,0
46,110,110,10,0
46,110,110,11,0
46,110,110,0,3
46,111,111,1,0
46,111,111,2,0
46,111,111,3,0
46,111,111,4,0
46,111,111,5,0
46,111,111,6,0
46,111,111,7,0
46,111,111,8,0
46,111,111,9,0
46,111,111,10,0
46,111,111,11,0
46,111,111,0,0
46,111,111,1,13
46,111,111,2,261
46,111,111,3,120
46,111,111,4,0
46,111,111,5,0
46,111,111,6,346
46,111,111,7,0
46,111,111,8,1
46,111,111,9,0
46,111,111,10,0
46,111,111,11,1
46,111,111,0,6
46,112,112,1,0
46,112,112,2,0
46,112,112,3,0
46,112,112,4,0
46,112,112,5,0
46,112,112,6,0
46,112,112,7,0
46,112,112,8,0
46,112,112,9,0
46,112,112,10,0
46,112,112,11,0
46,112,112,0,0
46,112,112,1,28
46,112,112,2,141
46,112,112,3,213
46,112,112,4,1
46,112,112,5,0
46,112,112,6,433
46,112,112,7,1
46,112,112,8,2
46,112,112,9,0
46,112,112,10,3
46,112,112,11,1
46,112,112,0,3
46,113,113,1,12
46,113,113,2,52
46,113,113,3,345
46,113,113,4,0
46,113,113,5,1
46,113,113,6,142
46,113,113,7,0
46,113,113,8,1
46,113,113,9,1
46,113,113,10,0
46,113,113,11,0
46,113,113,0,0
46,113,113,1,0
46,113,113,2,0
46,113,113,3,0
46,113,113,4,0
46,113,113,5,0
46,113,113,6,0
46,113,113,7,0
46,113,113,8,0
46,113,113,9,0
46,113,113,10,0
46,113,113,11,0
46,113,113,0,0
46,114,114,1,4
46,114,114,2,93
46,114,114,3,253
46,114,114,4,2
46,114,114,5,2
46,114,114,6,148
46,114,114,7,0
46,114,114,8,1
46,114,114,9,0
46,114,114,10,3
46,114,114,11,0
46,114,114,0,3
46,115,115,1,9
46,115,115,2,70
46,115,115,3,499
46,115,115,4,2
46,115,115,5,2
46,115,115,6,217
46,115,115,7,1
46,115,115,8,0
46,115,115,9,0
46,115,115,10,3
46,115,115,11,2
46,115,115,0,3
46,116,116,1,14
46,116,116,2,236
46,116,116,3,111
46,116,116,4,1
46,116,116,5,1
46,116,116,6,265
46,116,116,7,0
46,116,116,8,1
46,116,116,9,1
46,116,116,10,1
46,116,116,11,1
46,116,116,0,1
46,117,117,1,15
46,117,117,2,287
46,117,117,3,191
46,117,117,4,2
46,117,117,5,3
46,117,117,6,285
46,117,117,7,0
46,117,117,8,1
46,117,117,9,0
46,117,117,10,0
46,117,117,11,0
46,117,117,0,3
46,118,118,1,44
46,118,118,2,190
46,118,118,3,166
46,118,118,4,1
46,118,118,5,1
46,118,118,6,368
46,118,118,7,11
46,118,118,8,6
46,118,118,9,1
46,118,118,10,2
46,118,118,11,2
46,118,118,0,1
46,119,119,1,26
46,119,119,2,109
46,119,119,3,350
46,119,119,4,2
46,119,119,5,2
46,119,119,6,256
46,119,119,7,2
46,119,119,8,2
46,119,119,9,0
46,119,119,10,3
46,119,119,11,2
46,119,119,0,2
46,120,120,1,10
46,120,120,2,132
46,120,120,3,295
46,120,120,4,0
46,120,120,5,3
46,120,120,6,287
46,120,120,7,0
46,120,120,8,0
46,120,120,9,0
46,120,120,10,1
46,120,120,11,0
46,120,120,0,4
46,121,121,1,0
46,121,121,2,0
46,121,121,3,0
46,121,121,4,0
46,121,121,5,0
46,121,121,6,0
46,121,121,7,0
46,121,121,8,0
46,121,121,9,0
46,121,121,10,0
46,121,121,11,0
46,121,121,0,0
46,121,121,1,22
46,121,121,2,400
46,121,121,3,72
46,121,121,4,1
46,121,121,5,1
46,121,121,6,154
46,121,121,7,0
46,121,121,8,3
46,121,121,9,0
46,121,121,10,3
46,121,121,11,0
46,121,121,0,1
46,122,122,1,0
46,122,122,2,0
46,122,122,3,0
46,122,122,4,0
46,122,122,5,0
46,122,122,6,0
46,122,122,7,0
46,122,122,8,0
46,122,122,9,0
46,122,122,10,0
46,122,122,11,0
46,122,122,0,0
46,122,122,1,14
46,122,122,2,425
46,122,122,3,100
46,122,122,4,1
46,122,122,5,1
46,122,122,6,145
46,122,122,7,0
46,122,122,8,3
46,122,122,9,0
46,122,122,10,1
46,122,122,11,0
46,122,122,0,4
46,123,123,1,0
46,123,123,2,0
46,123,123,3,0
46,123,123,4,0
46,123,123,5,0
46,123,123,6,0
46,123,123,7,0
46,123,123,8,0
46,123,123,9,0
46,123,123,10,0
46,123,123,11,0
46,123,123,0,0
46,123,123,1,20
46,123,123,2,500
46,123,123,3,143
46,123,123,4,3
46,123,123,5,0
46,123,123,6,191
46,123,123,7,0
46,123,123,8,3
46,123,123,9,0
46,123,123,10,0
46,123,123,11,1
46,123,123,0,0
46,124,124,1,31
46,124,124,2,392
46,124,124,3,141
46,124,124,4,1
46,124,124,5,1
46,124,124,6,300
46,124,124,7,2
46,124,124,8,6
46,124,124,9,0
46,124,124,10,1
46,124,124,11,5
46,124,124,0,4
46,125,125,1,23
46,125,125,2,442
46,125,125,3,95
46,125,125,4,4
46,125,125,5,2
46,125,125,6,233
46,125,125,7,1
46,125,125,8,3
46,125,125,9,0
46,125,125,10,1
46,125,125,11,2
46,125,125,0,4
46,126,126,1,18
46,126,126,2,569
46,126,126,3,97
46,126,126,4,1
46,126,126,5,1
46,126,126,6,145
46,126,126,7,0
46,126,126,8,3
46,126,126,9,0
46,126,126,10,2
46,126,126,11,1
46,126,126,0,2
46,127,127,1,19
46,127,127,2,327
46,127,127,3,241
46,127,127,4,1
46,127,127,5,3
46,127,127,6,256
46,127,127,7,1
46,127,127,8,4
46,127,127,9,2
46,127,127,10,0
46,127,127,11,1
46,127,127,0,2
46,128,128,1,16
46,128,128,2,590
46,128,128,3,80
46,128,128,4,0
46,128,128,5,0
46,128,128,6,187
46,128,128,7,2
46,128,128,8,1
46,128,128,9,0
46,128,128,10,0
46,128,128,11,1
46,128,128,0,5
46,129,129,1,15
46,129,129,2,291
46,129,129,3,102
46,129,129,4,1
46,129,129,5,0
46,129,129,6,201
46,129,129,7,1
46,129,129,8,1
46,129,129,9,0
46,129,129,10,0
46,129,129,11,0
46,129,129,0,2
46,130,130,1,50
46,130,130,2,201
46,130,130,3,164
46,130,130,4,1
46,130,130,5,3
46,130,130,6,347
46,130,130,7,3
46,130,130,8,4
46,130,130,9,0
46,130,130,10,4
46,130,130,11,1
46,130,130,0,4
46,131,131,1,16
46,131,131,2,154
46,131,131,3,129
46,131,131,4,0
46,131,131,5,0
46,131,131,6,265
46,131,131,7,0
46,131,131,8,0
46,131,131,9,0
46,131,131,10,1
46,131,131,11,2
46,131,131,0,1
46,131,131,1,0
46,131,131,2,0
46,131,131,3,0
46,131,131,4,0
46,131,131,5,0
46,131,131,6,0
46,131,131,7,0
46,131,131,8,0
46,131,131,9,0
46,131,131,10,0
46,131,131,11,0
46,131,131,0,0
46,132,132,1,10
46,132,132,2,225
46,132,132,3,216
46,132,132,4,4
46,132,132,5,4
46,132,132,6,312
46,132,132,7,2
46,132,132,8,4
46,132,132,9,0
46,132,132,10,1
46,132,132,11,0
46,132,132,0,4
46,132,132,1,0
46,132,132,2,0
46,132,132,3,0
46,132,132,4,0
46,132,132,5,0
46,132,132,6,0
46,132,132,7,0
46,132,132,8,0
46,132,132,9,0
46,132,132,10,0
46,132,132,11,0
46,132,132,0,0
46,133,133,1,0
46,133,133,2,0
46,133,133,3,0
46,133,133,4,0
46,133,133,5,0
46,133,133,6,0
46,133,133,7,0
46,133,133,8,0
46,133,133,9,0
46,133,133,10,0
46,133,133,11,0
46,133,133,0,0
46,133,133,1,26
46,133,133,2,211
46,133,133,3,143
46,133,133,4,1
46,133,133,5,1
46,133,133,6,362
46,133,133,7,1
46,133,133,8,2
46,133,133,9,2
46,133,133,10,0
46,133,133,11,2
46,133,133,0,2
46,134,134,1,19
46,134,134,2,356
46,134,134,3,153
46,134,134,4,6
46,134,134,5,3
46,134,134,6,329
46,134,134,7,0
46,134,134,8,1
46,134,134,9,3
46,134,134,10,2
46,134,134,11,0
46,134,134,0,3
46,135,135,1,13
46,135,135,2,440
46,135,135,3,183
46,135,135,4,2
46,135,135,5,1
46,135,135,6,403
46,135,135,7,3
46,135,135,8,1
46,135,135,9,1
46,135,135,10,0
46,135,135,11,1
46,135,135,0,0
46,136,136,1,22
46,136,136,2,324
46,136,136,3,252
46,136,136,4,1
46,136,136,5,3
46,136,136,6,374
46,136,136,7,1
46,136,136,8,0
46,136,136,9,1
46,136,136,10,0
46,136,136,11,0
46,136,136,0,1
46,137,137,1,18
46,137,137,2,213
46,137,137,3,109
46,137,137,4,10
46,137,137,5,2
46,137,137,6,226
46,137,137,7,0
46,137,137,8,0
46,137,137,9,1
46,137,137,10,0
46,137,137,11,0
46,137,137,0,1
46,138,138,1,8
46,138,138,2,99
46,138,138,3,172
46,138,138,4,18
46,138,138,5,1
46,138,138,6,230
46,138,138,7,2
46,138,138,8,0
46,138,138,9,0
46,138,138,10,1
46,138,138,11,0
46,138,138,0,0
46,139,139,1,22
46,139,139,2,287
46,139,139,3,265
46,139,139,4,3
46,139,139,5,2
46,139,139,6,303
46,139,139,7,1
46,139,139,8,2
46,139,139,9,0
46,139,139,10,1
46,139,139,11,1
46,139,139,0,4
46,140,140,1,13
46,140,140,2,226
46,140,140,3,266
46,140,140,4,6
46,140,140,5,0
46,140,140,6,368
46,140,140,7,2
46,140,140,8,1
46,140,140,9,0
46,140,140,10,1
46,140,140,11,2
46,140,140,0,3
46,141,141,1,17
46,141,141,2,245
46,141,141,3,294
46,141,141,4,5
46,141,141,5,1
46,141,141,6,465
46,141,141,7,2
46,141,141,8,2
46,141,141,9,0
46,141,141,10,0
46,141,141,11,0
46,141,141,0,1
46,141,141,1,0
46,141,141,2,0
46,141,141,3,0
46,141,141,4,0
46,141,141,5,0
46,141,141,6,0
46,141,141,7,0
46,141,141,8,0
46,141,141,9,0
46,141,141,10,0
46,141,141,11,0
46,141,141,0,0
46,142,142,1,0
46,142,142,2,0
46,142,142,3,0
46,142,142,4,0
46,142,142,5,0
46,142,142,6,0
46,142,142,7,0
46,142,142,8,0
46,142,142,9,0
46,142,142,10,0
46,142,142,11,0
46,142,142,0,0
46,142,142,1,11
46,142,142,2,215
46,142,142,3,151
46,142,142,4,3
46,142,142,5,1
46,142,142,6,180
46,142,142,7,1
46,142,142,8,0
46,142,142,9,0
46,142,142,10,0
46,142,142,11,0
46,142,142,0,1
46,143,143,1,5
46,143,143,2,93
46,143,143,3,187
46,143,143,4,2
46,143,143,5,2
46,143,143,6,158
46,143,143,7,0
46,143,143,8,0
46,143,143,9,0
46,143,143,10,1
46,143,143,11,0
46,143,143,0,2
46,143,143,1,0
46,143,143,2,0
46,143,143,3,0
46,143,143,4,0
46,143,143,5,0
46,143,143,6,0
46,143,143,7,0
46,143,143,8,0
46,143,143,9,0
46,143,143,10,0
46,143,143,11,0
46,143,143,0,0
46,144,144,1,12
46,144,144,2,217
46,144,144,3,245
46,144,144,4,10
46,144,144,5,5
46,144,144,6,446
46,144,144,7,0
46,144,144,8,2
46,144,144,9,2
46,144,144,10,2
46,144,144,11,0
46,144,144,0,1
46,145,145,1,25
46,145,145,2,242
46,145,145,3,173
46,145,145,4,5
46,145,145,5,1
46,145,145,6,495
46,145,145,7,1
46,145,145,8,2
46,145,145,9,1
46,145,145,10,1
46,145,145,11,0
46,145,145,0,2
46,146,146,1,18
46,146,146,2,197
46,146,146,3,185
46,146,146,4,7
46,146,146,5,4
46,146,146,6,501
46,146,146,7,4
46,146,146,8,2
46,146,146,9,0
46,146,146,10,2
46,146,146,11,1
46,146,146,0,0
46,147,147,1,6
46,147,147,2,14
46,147,147,3,642
46,147,147,4,3
46,147,147,5,0
46,147,147,6,112
46,147,147,7,3
46,147,147,8,1
46,147,147,9,1
46,147,147,10,0
46,147,147,11,0
46,147,147,0,3
46,148,148,1,2
46,148,148,2,19
46,148,148,3,405
46,148,148,4,3
46,148,148,5,1
46,148,148,6,77
46,148,148,7,0
46,148,148,8,4
46,148,148,9,1
46,148,148,10,3
46,148,148,11,0
46,148,148,0,4
46,149,149,1,7
46,149,149,2,46
46,149,149,3,581
46,149,149,4,1
46,149,149,5,0
46,149,149,6,133
46,149,149,7,2
46,149,149,8,5
46,149,149,9,0
46,149,149,10,2
46,149,149,11,0
46,149,149,0,2
46,150,150,1,9
46,150,150,2,35
46,150,150,3,618
46,150,150,4,1
46,150,150,5,0
46,150,150,6,134
46,150,150,7,0
46,150,150,8,2
46,150,150,9,1
46,150,150,10,2
46,150,150,11,0
46,150,150,0,4
46,151,151,1,0
46,151,151,2,0
46,151,151,3,0
46,151,151,4,0
46,151,151,5,0
46,151,151,6,0
46,151,151,7,0
46,151,151,8,0
46,151,151,9,0
46,151,151,10,0
46,151,151,11,0
46,151,151,0,0
46,151,151,1,7
46,151,151,2,59
46,151,151,3,553
46,151,151,4,1
46,151,151,5,4
46,151,151,6,155
46,151,151,7,0
46,151,151,8,0
46,151,151,9,1
46,151,151,10,4
46,151,151,11,0
46,151,151,0,1
46,152,152,1,0
46,152,152,2,0
46,152,152,3,0
46,152,152,4,0
46,152,152,5,0
46,152,152,6,0
46,152,152,7,0
46,152,152,8,0
46,152,152,9,0
46,152,152,10,0
46,152,152,11,0
46,152,152,0,0
46,152,152,1,14
46,152,152,2,21
46,152,152,3,533
46,152,152,4,2
46,152,152,5,1
46,152,152,6,92
46,152,152,7,0
46,152,152,8,0
46,152,152,9,0
46,152,152,10,1
46,152,152,11,1
46,152,152,0,1
46,153,153,1,0
46,153,153,2,0
46,153,153,3,0
46,153,153,4,0
46,153,153,5,0
46,153,153,6,0
46,153,153,7,0
46,153,153,8,0
46,153,153,9,0
46,153,153,10,0
46,153,153,11,0
46,153,153,0,0
46,153,153,1,6
46,153,153,2,30
46,153,153,3,657
46,153,153,4,0
46,153,153,5,1
46,153,153,6,75
46,153,153,7,0
46,153,153,8,1
46,153,153,9,0
46,153,153,10,2
46,153,153,11,0
46,153,153,0,1
46,154,154,1,9
46,154,154,2,13
46,154,154,3,554
46,154,154,4,1
46,154,154,5,0
46,154,154,6,45
46,154,154,7,0
46,154,154,8,0
46,154,154,9,0
46,154,154,10,0
46,154,154,11,0
46,154,154,0,0
46,155,155,1,3
46,155,155,2,4
46,155,155,3,466
46,155,155,4,0
46,155,155,5,0
46,155,155,6,32
46,155,155,7,0
46,155,155,8,0
46,155,155,9,1
46,155,155,10,0
46,155,155,11,0
46,155,155,0,2
46,156,156,1,4
46,156,156,2,12
46,156,156,3,544
46,156,156,4,3
46,156,156,5,0
46,156,156,6,42
46,156,156,7,0
46,156,156,8,1
46,156,156,9,0
46,156,156,10,0
46,156,156,11,0
46,156,156,0,2
46,157,157,1,7
46,157,157,2,24
46,157,157,3,690
46,157,157,4,2
46,157,157,5,0
46,157,157,6,59
46,157,157,7,0
46,157,157,8,0
46,157,157,9,0
46,157,157,10,1
46,157,157,11,0
46,157,157,0,2
46,158,158,1,7
46,158,158,2,21
46,158,158,3,667
46,158,158,4,2
46,158,158,5,0
46,158,158,6,70
46,158,158,7,0
46,158,158,8,2
46,158,158,9,0
46,158,158,10,0
46,158,158,11,0
46,158,158,0,0
46,159,159,1,4
46,159,159,2,10
46,159,159,3,522
46,159,159,4,0
46,159,159,5,0
46,159,159,6,55
46,159,159,7,0
46,159,159,8,1
46,159,159,9,0
46,159,159,10,1
46,159,159,11,0
46,159,159,0,10
46,160,160,1,7
46,160,160,2,18
46,160,160,3,525
46,160,160,4,1
46,160,160,5,0
46,160,160,6,35
46,160,160,7,0
46,160,160,8,0
46,160,160,9,0
46,160,160,10,0
46,160,160,11,0
46,160,160,0,1
46,161,161,1,17
46,161,161,2,47
46,161,161,3,538
46,161,161,4,3
46,161,161,5,0
46,161,161,6,89
46,161,161,7,0
46,161,161,8,3
46,161,161,9,1
46,161,161,10,3
46,161,161,11,0
46,161,161,0,3
46,161,161,1,0
46,161,161,2,0
46,161,161,3,0
46,161,161,4,0
46,161,161,5,0
46,161,161,6,0
46,161,161,7,0
46,161,161,8,0
46,161,161,9,0
46,161,161,10,0
46,161,161,11,0
46,161,161,0,0
46,162,162,1,7
46,162,162,2,24
46,162,162,3,514
46,162,162,4,2
46,162,162,5,1
46,162,162,6,89
46,162,162,7,0
46,162,162,8,0
46,162,162,9,1
46,162,162,10,1
46,162,162,11,0
46,162,162,0,0
46,162,162,1,0
46,162,162,2,0
46,162,162,3,0
46,162,162,4,0
46,162,162,5,0
46,162,162,6,0
46,162,162,7,0
46,162,162,8,0
46,162,162,9,0
46,162,162,10,0
46,162,162,11,0
46,162,162,0,0
46,163,163,1,0
46,163,163,2,0
46,163,163,3,0
46,163,163,4,0
46,163,163,5,0
46,163,163,6,0
46,163,163,7,0
46,163,163,8,0
46,163,163,9,0
46,163,163,10,0
46,163,163,11,0
46,163,163,0,0
46,163,163,1,9
46,163,163,2,264
46,163,163,3,156
46,163,163,4,0
46,163,163,5,2
46,163,163,6,236
46,163,163,7,2
46,163,163,8,2
46,163,163,9,0
46,163,163,10,0
46,163,163,11,0
46,163,163,0,1
46,164,164,1,14
46,164,164,2,215
46,164,164,3,108
46,164,164,4,1
46,164,164,5,1
46,164,164,6,175
46,164,164,7,1
46,164,164,8,0
46,164,164,9,0
46,164,164,10,1
46,164,164,11,0
46,164,164,0,1
46,165,165,1,19
46,165,165,2,281
46,165,165,3,90
46,165,165,4,1
46,165,165,5,2
46,165,165,6,230
46,165,165,7,0
46,165,165,8,2
46,165,165,9,1
46,165,165,10,0
46,165,165,11,1
46,165,165,0,7
46,166,166,1,5
46,166,166,2,15
46,166,166,3,407
46,166,166,4,4
46,166,166,5,2
46,166,166,6,105
46,166,166,7,0
46,166,166,8,0
46,166,166,9,0
46,166,166,10,2
46,166,166,11,1
46,166,166,0,1
46,167,167,1,7
46,167,167,2,13
46,167,167,3,546
46,167,167,4,3
46,167,167,5,0
46,167,167,6,94
46,167,167,7,1
46,167,167,8,4
46,167,167,9,2
46,167,167,10,0
46,167,167,11,0
46,167,167,0,3
46,168,168,1,9
46,168,168,2,101
46,168,168,3,391
46,168,168,4,4
46,168,168,5,1
46,168,168,6,192
46,168,168,7,0
46,168,168,8,1
46,168,168,9,0
46,168,168,10,1
46,168,168,11,0
46,168,168,0,0
46,169,169,1,17
46,169,169,2,254
46,169,169,3,197
46,169,169,4,8
46,169,169,5,0
46,169,169,6,359
46,169,169,7,1
46,169,169,8,3
46,169,169,9,0
46,169,169,10,1
46,169,169,11,1
46,169,169,0,6
46,170,170,1,11
46,170,170,2,140
46,170,170,3,158
46,170,170,4,2
46,170,170,5,0
46,170,170,6,302
46,170,170,7,0
46,170,170,8,3
46,170,170,9,0
46,170,170,10,1
46,170,170,11,0
46,170,170,0,1
46,171,171,1,11
46,171,171,2,74
46,171,171,3,105
46,171,171,4,10
46,171,171,5,0
46,171,171,6,182
46,171,171,7,3
46,171,171,8,1
46,171,171,9,0
46,171,171,10,2
46,171,171,11,1
46,171,171,0,2
46,171,171,1,0
46,171,171,2,0
46,171,171,3,0
46,171,171,4,0
46,171,171,5,0
46,171,171,6,0
46,171,171,7,0
46,171,171,8,0
46,171,171,9,0
46,171,171,10,0
46,171,171,11,0
46,171,171,0,0
46,172,172,1,20
46,172,172,2,210
46,172,172,3,159
46,172,172,4,29
46,172,172,5,2
46,172,172,6,351
46,172,172,7,2
46,172,172,8,0
46,172,172,9,0
46,172,172,10,3
46,172,172,11,0
46,172,172,0,3
46,172,172,1,0
46,172,172,2,0
46,172,172,3,0
46,172,172,4,0
46,172,172,5,0
46,172,172,6,0
46,172,172,7,0
46,172,172,8,0
46,172,172,9,0
46,172,172,10,0
46,172,172,11,0
46,172,172,0,0
46,173,173,1,0
46,173,173,2,0
46,173,173,3,0
46,173,173,4,0
46,173,173,5,0
46,173,173,6,0
46,173,173,7,0
46,173,173,8,0
46,173,173,9,0
46,173,173,10,0
46,173,173,11,0
46,173,173,0,0
46,173,173,1,10
46,173,173,2,186
46,173,173,3,145
46,173,173,4,29
46,173,173,5,1
46,173,173,6,296
46,173,173,7,1
46,173,173,8,0
46,173,173,9,1
46,173,173,10,3
46,173,173,11,0
46,173,173,0,2
46,174,174,1,16
46,174,174,2,98
46,174,174,3,147
46,174,174,4,0
46,174,174,5,0
46,174,174,6,331
46,174,174,7,0
46,174,174,8,0
46,174,174,9,0
46,174,174,10,1
46,174,174,11,0
46,174,174,0,3
46,175,175,1,36
46,175,175,2,189
46,175,175,3,171
46,175,175,4,8
46,175,175,5,1
46,175,175,6,340
46,175,175,7,0
46,175,175,8,2
46,175,175,9,0
46,175,175,10,0
46,175,175,11,0
46,175,175,0,2
46,176,176,1,14
46,176,176,2,189
46,176,176,3,113
46,176,176,4,6
46,176,176,5,1
46,176,176,6,395
46,176,176,7,1
46,176,176,8,0
46,176,176,9,1
46,176,176,10,1
46,176,176,11,1
46,176,176,0,1
46,177,177,1,11
46,177,177,2,226
46,177,177,3,117
46,177,177,4,2
46,177,177,5,1
46,177,177,6,282
46,177,177,7,0
46,177,177,8,1
46,177,177,9,0
46,177,177,10,0
46,177,177,11,0
46,177,177,0,2
46,178,178,1,13
46,178,178,2,188
46,178,178,3,122
46,178,178,4,1
46,178,178,5,1
46,178,178,6,300
46,178,178,7,0
46,178,178,8,1
46,178,178,9,0
46,178,178,10,0
46,178,178,11,0
46,178,178,0,3
46,179,179,1,9
46,179,179,2,165
46,179,179,3,138
46,179,179,4,0
46,179,179,5,1
46,179,179,6,188
46,179,179,7,0
46,179,179,8,0
46,179,179,9,0
46,179,179,10,1
46,179,179,11,0
46,179,179,0,3
46,180,180,1,6
46,180,180,2,61
46,180,180,3,312
46,180,180,4,3
46,180,180,5,0
46,180,180,6,158
46,180,180,7,1
46,180,180,8,2
46,180,180,9,1
46,180,180,10,3
46,180,180,11,1
46,180,180,0,2
46,181,181,1,13
46,181,181,2,9
46,181,181,3,315
46,181,181,4,3
46,181,181,5,0
46,181,181,6,49
46,181,181,7,0
46,181,181,8,0
46,181,181,9,0
46,181,181,10,0
46,181,181,11,0
46,181,181,0,1
46,181,181,1,0
46,181,181,2,0
46,181,181,3,0
46,181,181,4,0
46,181,181,5,0
46,181,181,6,0
46,181,181,7,0
46,181,181,8,0
46,181,181,9,0
46,181,181,10,0
46,181,181,11,0
46,181,181,0,0
46,182,182,1,7
46,182,182,2,13
46,182,182,3,517
46,182,182,4,1
46,182,182,5,2
46,182,182,6,105
46,182,182,7,1
46,182,182,8,1
46,182,182,9,2
46,182,182,10,1
46,182,182,11,1
46,182,182,0,2
46,182,182,1,0
46,182,182,2,0
46,182,182,3,0
46,182,182,4,0
46,182,182,5,0
46,182,182,6,0
46,182,182,7,0
46,182,182,8,0
46,182,182,9,0
46,182,182,10,0
46,182,182,11,0
46,182,182,0,0
46,183,183,1,8
46,183,183,2,23
46,183,183,3,684
46,183,183,4,6
46,183,183,5,0
46,183,183,6,119
46,183,183,7,1
46,183,183,8,0
46,183,183,9,2
46,183,183,10,4
46,183,183,11,1
46,183,183,0,5
46,183,183,1,0
46,183,183,2,0
46,183,183,3,0
46,183,183,4,0
46,183,183,5,0
46,183,183,6,0
46,183,183,7,0
46,183,183,8,0
46,183,183,9,0
46,183,183,10,0
46,183,183,11,0
46,183,183,0,0
46,184,184,1,8
46,184,184,2,54
46,184,184,3,232
46,184,184,4,3
46,184,184,5,1
46,184,184,6,181
46,184,184,7,1
46,184,184,8,1
46,184,184,9,0
46,184,184,10,0
46,184,184,11,0
46,184,184,0,3
46,185,185,1,12
46,185,185,2,61
46,185,185,3,309
46,185,185,4,2
46,185,185,5,5
46,185,185,6,227
46,185,185,7,0
46,185,185,8,3
46,185,185,9,0
46,185,185,10,9
46,185,185,11,0
46,185,185,0,0
46,186,186,1,9
46,186,186,2,10
46,186,186,3,585
46,186,186,4,4
46,186,186,5,1
46,186,186,6,223
46,186,186,7,2
46,186,186,8,3
46,186,186,9,2
46,186,186,10,4
46,186,186,11,0
46,186,186,0,2
46,187,187,1,6
46,187,187,2,11
46,187,187,3,554
46,187,187,4,5
46,187,187,5,1
46,187,187,6,246
46,187,187,7,0
46,187,187,8,5
46,187,187,9,0
46,187,187,10,1
46,187,187,11,1
46,187,187,0,1
46,188,188,1,7
46,188,188,2,20
46,188,188,3,551
46,188,188,4,2
46,188,188,5,1
46,188,188,6,98
46,188,188,7,3
46,188,188,8,4
46,188,188,9,1
46,188,188,10,5
46,188,188,11,0
46,188,188,0,1
46,189,189,1,2
46,189,189,2,40
46,189,189,3,452
46,189,189,4,4
46,189,189,5,1
46,189,189,6,72
46,189,189,7,0
46,189,189,8,1
46,189,189,9,0
46,189,189,10,0
46,189,189,11,0
46,189,189,0,0
46,190,190,1,5
46,190,190,2,11
46,190,190,3,431
46,190,190,4,1
46,190,190,5,0
46,190,190,6,71
46,190,190,7,1
46,190,190,8,1
46,190,190,9,0
46,190,190,10,1
46,190,190,11,0
46,190,190,0,4
46,191,191,1,0
46,191,191,2,0
46,191,191,3,0
46,191,191,4,0
46,191,191,5,0
46,191,191,6,0
46,191,191,7,0
46,191,191,8,0
46,191,191,9,0
46,191,191,10,0
46,191,191,11,0
46,191,191,0,0
46,191,191,1,5
46,191,191,2,23
46,191,191,3,650
46,191,191,4,4
46,191,191,5,1
46,191,191,6,96
46,191,191,7,2
46,191,191,8,3
46,191,191,9,2
46,191,191,10,1
46,191,191,11,0
46,191,191,0,1
46,192,192,1,0
46,192,192,2,0
46,192,192,3,0
46,192,192,4,0
46,192,192,5,0
46,192,192,6,0
46,192,192,7,0
46,192,192,8,0
46,192,192,9,0
46,192,192,10,0
46,192,192,11,0
46,192,192,0,0
46,192,192,1,4
46,192,192,2,18
46,192,192,3,492
46,192,192,4,1
46,192,192,5,0
46,192,192,6,76
46,192,192,7,0
46,192,192,8,1
46,192,192,9,0
46,192,192,10,0
46,192,192,11,0
46,192,192,0,1
46,193,193,1,0
46,193,193,2,0
46,193,193,3,0
46,193,193,4,0
46,193,193,5,0
46,193,193,6,0
46,193,193,7,0
46,193,193,8,0
46,193,193,9,0
46,193,193,10,0
46,193,193,11,0
46,193,193,0,0
46,193,193,1,2
46,193,193,2,16
46,193,193,3,465
46,193,193,4,3
46,193,193,5,0
46,193,193,6,73
46,193,193,7,0
46,193,193,8,0
46,193,193,9,0
46,193,193,10,0
46,193,193,11,0
46,193,193,0,5
46,194,194,1,9
46,194,194,2,30
46,194,194,3,678
46,194,194,4,2
46,194,194,5,0
46,194,194,6,83
46,194,194,7,0
46,194,194,8,2
46,194,194,9,0
46,194,194,10,1
46,194,194,11,0
46,194,194,0,1
46,195,195,1,15
46,195,195,2,132
46,195,195,3,369
46,195,195,4,2
46,195,195,5,0
46,195,195,6,461
46,195,195,7,2
46,195,195,8,1
46,195,195,9,2
46,195,195,10,3
46,195,195,11,1
46,195,195,0,1
46,196,196,1,44
46,196,196,2,356
46,196,196,3,254
46,196,196,4,1
46,196,196,5,1
46,196,196,6,419
46,196,196,7,2
46,196,196,8,2
46,196,196,9,0
46,196,196,10,4
46,196,196,11,0
46,196,196,0,1
46,197,197,1,27
46,197,197,2,254
46,197,197,3,213
46,197,197,4,6
46,197,197,5,0
46,197,197,6,431
46,197,197,7,1
46,197,197,8,6
46,197,197,9,0
46,197,197,10,6
46,197,197,11,1
46,197,197,0,1
46,198,198,1,28
46,198,198,2,266
46,198,198,3,170
46,198,198,4,7
46,198,198,5,3
46,198,198,6,486
46,198,198,7,2
46,198,198,8,4
46,198,198,9,1
46,198,198,10,1
46,198,198,11,1
46,198,198,0,6
46,199,199,1,22
46,199,199,2,202
46,199,199,3,143
46,199,199,4,6
46,199,199,5,1
46,199,199,6,458
46,199,199,7,2
46,199,199,8,3
46,199,199,9,1
46,199,199,10,2
46,199,199,11,3
46,199,199,0,4
46,200,200,1,29
46,200,200,2,196
46,200,200,3,182
46,200,200,4,3
46,200,200,5,1
46,200,200,6,366
46,200,200,7,2
46,200,200,8,2
46,200,200,9,1
46,200,200,10,1
46,200,200,11,1
46,200,200,0,3
46,201,201,1,11
46,201,201,2,381
46,201,201,3,92
46,201,201,4,1
46,201,201,5,0
46,201,201,6,189
46,201,201,7,0
46,201,201,8,0
46,201,201,9,0
46,201,201,10,0
46,201,201,11,0
46,201,201,0,2
46,201,201,1,0
46,201,201,2,0
46,201,201,3,0
46,201,201,4,0
46,201,201,5,0
46,201,201,6,0
46,201,201,7,0
46,201,201,8,0
46,201,201,9,0
46,201,201,10,0
46,201,201,11,0
46,201,201,0,0
46,202,202,1,13
46,202,202,2,392
46,202,202,3,127
46,202,202,4,2
46,202,202,5,0
46,202,202,6,149
46,202,202,7,0
46,202,202,8,0
46,202,202,9,1
46,202,202,10,1
46,202,202,11,1
46,202,202,0,0
46,202,202,1,0
46,202,202,2,0
46,202,202,3,0
46,202,202,4,0
46,202,202,5,0
46,202,202,6,0
46,202,202,7,0
46,202,202,8,0
46,202,202,9,0
46,202,202,10,0
46,202,202,11,0
46,202,202,0,0
46,203,203,1,0
46,203,203,2,0
46,203,203,3,0
46,203,203,4,0
46,203,203,5,0
46,203,203,6,0
46,203,203,7,0
46,203,203,8,0
46,203,203,9,0
46,203,203,10,0
46,203,203,11,0
46,203,203,0,0
46,203,203,1,15
46,203,203,2,415
46,203,203,3,124
46,203,203,4,3
46,203,203,5,1
46,203,203,6,416
46,203,203,7,2
46,203,203,8,0
46,203,203,9,0
46,203,203,10,2
46,203,203,11,1
46,203,203,0,1
46,204,204,1,18
46,204,204,2,321
46,204,204,3,108
46,204,204,4,2
46,204,204,5,1
46,204,204,6,262
46,204,204,7,1
46,204,204,8,2
46,204,204,9,0
46,204,204,10,2
46,204,204,11,2
46,204,204,0,5
46,205,205,1,10
46,205,205,2,246
46,205,205,3,93
46,205,205,4,1
46,205,205,5,2
46,205,205,6,238
46,205,205,7,1
46,205,205,8,0
46,205,205,9,0
46,205,205,10,2
46,205,205,11,2
46,205,205,0,2
46,206,206,1,8
46,206,206,2,320
46,206,206,3,73
46,206,206,4,3
46,206,206,5,1
46,206,206,6,262
46,206,206,7,0
46,206,206,8,1
46,206,206,9,0
46,206,206,10,0
46,206,206,11,1
46,206,206,0,1
46,207,207,1,26
46,207,207,2,391
46,207,207,3,158
46,207,207,4,1
46,207,207,5,1
46,207,207,6,457
46,207,207,7,0
46,207,207,8,3
46,207,207,9,1
46,207,207,10,1
46,207,207,11,3
46,207,207,0,3
46,208,208,1,14
46,208,208,2,438
46,208,208,3,104
46,208,208,4,1
46,208,208,5,1
46,208,208,6,175
46,208,208,7,0
46,208,208,8,0
46,208,208,9,0
46,208,208,10,0
46,208,208,11,0
46,208,208,0,1
46,209,209,1,21
46,209,209,2,238
46,209,209,3,75
46,209,209,4,1
46,209,209,5,1
46,209,209,6,237
46,209,209,7,0
46,209,209,8,0
46,209,209,9,0
46,209,209,10,0
46,209,209,11,0
46,209,209,0,2
46,210,210,1,25
46,210,210,2,299
46,210,210,3,126
46,210,210,4,0
46,210,210,5,0
46,210,210,6,219
46,210,210,7,1
46,210,210,8,1
46,210,210,9,0
46,210,210,10,2
46,210,210,11,2
46,210,210,0,1
46,211,211,1,30
46,211,211,2,286
46,211,211,3,160
46,211,211,4,5
46,211,211,5,3
46,211,211,6,418
46,211,211,7,1
46,211,211,8,4
46,211,211,9,0
46,211,211,10,1
46,211,211,11,0
46,211,211,0,6
46,211,211,1,0
46,211,211,2,0
46,211,211,3,0
46,211,211,4,0
46,211,211,5,0
46,211,211,6,0
46,211,211,7,0
46,211,211,8,0
46,211,211,9,0
46,211,211,10,0
46,211,211,11,0
46,211,211,0,0
46,212,212,1,0
46,212,212,2,0
46,212,212,3,0
46,212,212,4,0
46,212,212,5,0
46,212,212,6,0
46,212,212,7,0
46,212,212,8,0
46,212,212,9,0
46,212,212,10,0
46,212,212,11,0
46,212,212,0,0
46,212,212,1,6
46,212,212,2,230
46,212,212,3,94
46,212,212,4,2
46,212,212,5,0
46,212,212,6,196
46,212,212,7,1
46,212,212,8,0
46,212,212,9,0
46,212,212,10,0
46,212,212,11,0
46,212,212,0,1
46,213,213,1,0
46,213,213,2,0
46,213,213,3,0
46,213,213,4,0
46,213,213,5,0
46,213,213,6,0
46,213,213,7,0
46,213,213,8,0
46,213,213,9,0
46,213,213,10,0
46,213,213,11,0
46,213,213,0,0
46,213,213,1,11
46,213,213,2,325
46,213,213,3,100
46,213,213,4,0
46,213,213,5,1
46,213,213,6,322
46,213,213,7,2
46,213,213,8,5
46,213,213,9,1
46,213,213,10,3
46,213,213,11,2
46,213,213,0,3
46,214,214,1,10
46,214,214,2,22
46,214,214,3,647
46,214,214,4,0
46,214,214,5,2
46,214,214,6,137
46,214,214,7,1
46,214,214,8,1
46,214,214,9,0
46,214,214,10,2
46,214,214,11,0
46,214,214,0,2
46,215,215,1,6
46,215,215,2,11
46,215,215,3,477
46,215,215,4,5
46,215,215,5,2
46,215,215,6,147
46,215,215,7,0
46,215,215,8,2
46,215,215,9,0
46,215,215,10,2
46,215,215,11,0
46,215,215,0,1
46,216,216,1,10
46,216,216,2,28
46,216,216,3,603
46,216,216,4,3
46,216,216,5,0
46,216,216,6,177
46,216,216,7,3
46,216,216,8,6
46,216,216,9,2
46,216,216,10,6
46,216,216,11,0
46,216,216,0,2
46,217,217,1,13
46,217,217,2,43
46,217,217,3,669
46,217,217,4,3
46,217,217,5,1
46,217,217,6,218
46,217,217,7,1
46,217,217,8,5
46,217,217,9,2
46,217,217,10,3
46,217,217,11,3
46,217,217,0,3
46,218,218,1,33
46,218,218,2,196
46,218,218,3,114
46,218,218,4,2
46,218,218,5,0
46,218,218,6,295
46,218,218,7,2
46,218,218,8,2
46,218,218,9,0
46,218,218,10,1
46,218,218,11,0
46,218,218,0,4
46,219,219,1,14
46,219,219,2,279
46,219,219,3,67
46,219,219,4,3
46,219,219,5,1
46,219,219,6,317
46,219,219,7,3
46,219,219,8,3
46,219,219,9,0
46,219,219,10,2
46,219,219,11,2
46,219,219,0,3
46,220,220,1,27
46,220,220,2,296
46,220,220,3,152
46,220,220,4,1
46,220,220,5,1
46,220,220,6,348
46,220,220,7,0
46,220,220,8,1
46,220,220,9,0
46,220,220,10,1
46,220,220,11,0
46,220,220,0,1
46,221,221,1,18
46,221,221,2,330
46,221,221,3,157
46,221,221,4,1
46,221,221,5,0
46,221,221,6,336
46,221,221,7,0
46,221,221,8,2
46,221,221,9,1
46,221,221,10,0
46,221,221,11,0
46,221,221,0,3
46,221,221,1,0
46,221,221,2,0
46,221,221,3,0
46,221,221,4,0
46,221,221,5,0
46,221,221,6,0
46,221,221,7,0
46,221,221,8,0
46,221,221,9,0
46,221,221,10,0
46,221,221,11,0
46,221,221,0,0
46,222,222,1,0
46,222,222,2,0
46,222,222,3,0
46,222,222,4,0
46,222,222,5,0
46,222,222,6,0
46,222,222,7,0
46,222,222,8,0
46,222,222,9,0
46,222,222,10,0
46,222,222,11,0
46,222,222,0,0
46,222,222,1,14
46,222,222,2,386
46,222,222,3,145
46,222,222,4,1
46,222,222,5,1
46,222,222,6,193
46,222,222,7,1
46,222,222,8,2
46,222,222,9,0
46,222,222,10,2
46,222,222,11,1
46,222,222,0,3
46,223,223,1,20
46,223,223,2,318
46,223,223,3,124
46,223,223,4,1
46,223,223,5,0
46,223,223,6,346
46,223,223,7,3
46,223,223,8,2
46,223,223,9,1
46,223,223,10,3
46,223,223,11,1
46,223,223,0,3
46,223,223,1,0
46,223,223,2,0
46,223,223,3,0
46,223,223,4,0
46,223,223,5,0
46,223,223,6,0
46,223,223,7,0
46,223,223,8,0
46,223,223,9,0
46,223,223,10,0
46,223,223,11,0
46,223,223,0,0
46,224,224,1,11
46,224,224,2,206
46,224,224,3,74
46,224,224,4,0
46,224,224,5,0
46,224,224,6,178
46,224,224,7,0
46,224,224,8,3
46,224,224,9,1
46,224,224,10,1
46,224,224,11,1
46,224,224,0,4
46,225,225,1,48
46,225,225,2,324
46,225,225,3,207
46,225,225,4,1
46,225,225,5,1
46,225,225,6,359
46,225,225,7,3
46,225,225,8,4
46,225,225,9,2
46,225,225,10,3
46,225,225,11,5
46,225,225,0,7
46,226,226,1,14
46,226,226,2,297
46,226,226,3,117
46,226,226,4,3
46,226,226,5,1
46,226,226,6,255
46,226,226,7,1
46,226,226,8,2
46,226,226,9,0
46,226,226,10,1
46,226,226,11,3
46,226,226,0,2
46,227,227,1,16
46,227,227,2,248
46,227,227,3,265
46,227,227,4,0
46,227,227,5,0
46,227,227,6,343
46,227,227,7,4
46,227,227,8,2
46,227,227,9,1
46,227,227,10,0
46,227,227,11,0
46,227,227,0,2
46,228,228,1,25
46,228,228,2,335
46,228,228,3,126
46,228,228,4,3
46,228,228,5,0
46,228,228,6,275
46,228,228,7,0
46,228,228,8,1
46,228,228,9,1
46,228,228,10,0
46,228,228,11,0
46,228,228,0,2
46,229,229,1,15
46,229,229,2,290
46,229,229,3,100
46,229,229,4,2
46,229,229,5,2
46,229,229,6,218
46,229,229,7,1
46,229,229,8,1
46,229,229,9,0
46,229,229,10,2
46,229,229,11,4
46,229,229,0,1
46,230,230,1,39
46,230,230,2,207
46,230,230,3,324
46,230,230,4,2
46,230,230,5,4
46,230,230,6,401
46,230,230,7,0
46,230,230,8,4
46,230,230,9,0
46,230,230,10,1
46,230,230,11,2
46,230,230,0,3
46,231,231,1,34
46,231,231,2,79
46,231,231,3,313
46,231,231,4,3
46,231,231,5,1
46,231,231,6,170
46,231,231,7,1
46,231,231,8,1
46,231,231,9,0
46,231,231,10,3
46,231,231,11,1
46,231,231,0,1
46,231,231,1,0
46,231,231,2,0
46,231,231,3,0
46,231,231,4,0
46,231,231,5,0
46,231,231,6,0
46,231,231,7,0
46,231,231,8,0
46,231,231,9,0
46,231,231,10,0
46,231,231,11,0
46,231,231,0,0
46,232,232,1,0
46,232,232,2,0
46,232,232,3,0
46,232,232,4,0
46,232,232,5,0
46,232,232,6,0
46,232,232,7,0
46,232,232,8,0
46,232,232,9,0
46,232,232,10,0
46,232,232,11,0
46,232,232,0,0
46,232,232,1,29
46,232,232,2,160
46,232,232,3,181
46,232,232,4,0
46,232,232,5,2
46,232,232,6,369
46,232,232,7,4
46,232,232,8,2
46,232,232,9,0
46,232,232,10,2
46,232,232,11,1
46,232,232,0,0
46,233,233,1,0
46,233,233,2,0
46,233,233,3,0
46,233,233,4,0
46,233,233,5,0
46,233,233,6,0
46,233,233,7,0
46,233,233,8,0
46,233,233,9,0
46,233,233,10,0
46,233,233,11,0
46,233,233,0,0
46,233,233,1,9
46,233,233,2,76
46,233,233,3,462
46,233,233,4,5
46,233,233,5,1
46,233,233,6,132
46,233,233,7,0
46,233,233,8,0
46,233,233,9,0
46,233,233,10,0
46,233,233,11,1
46,233,233,0,3
46,234,234,1,19
46,234,234,2,154
46,234,234,3,166
46,234,234,4,1
46,234,234,5,2
46,234,234,6,455
46,234,234,7,0
46,234,234,8,2
46,234,234,9,0
46,234,234,10,4
46,234,234,11,0
46,234,234,0,2
46,235,235,1,12
46,235,235,2,129
46,235,235,3,138
46,235,235,4,0
46,235,235,5,2
46,235,235,6,156
46,235,235,7,0
46,235,235,8,0
46,235,235,9,0
46,235,235,10,0
46,235,235,11,0
46,235,235,0,0
46,236,236,1,22
46,236,236,2,108
46,236,236,3,228
46,236,236,4,3
46,236,236,5,1
46,236,236,6,358
46,236,236,7,2
46,236,236,8,1
46,236,236,9,1
46,236,236,10,1
46,236,236,11,1
46,236,236,0,5
46,237,237,1,26
46,237,237,2,355
46,237,237,3,207
46,237,237,4,3
46,237,237,5,1
46,237,237,6,295
46,237,237,7,3
46,237,237,8,0
46,237,237,9,1
46,237,237,10,1
46,237,237,11,1
46,237,237,0,1
46,238,238,1,43
46,238,238,2,213
46,238,238,3,151
46,238,238,4,4
46,238,238,5,1
46,238,238,6,287
46,238,238,7,0
46,238,238,8,1
46,238,238,9,0
46,238,238,10,1
46,238,238,11,0
46,238,238,0,7
46,239,239,1,20
46,239,239,2,115
46,239,239,3,138
46,239,239,4,2
46,239,239,5,0
46,239,239,6,399
46,239,239,7,3
46,239,239,8,1
46,239,239,9,1
46,239,239,10,1
46,239,239,11,0
46,239,239,0,0
46,240,240,1,23
46,240,240,2,164
46,240,240,3,284
46,240,240,4,1
46,240,240,5,2
46,240,240,6,263
46,240,240,7,1
46,240,240,8,0
46,240,240,9,0
46,240,240,10,0
46,240,240,11,0
46,240,240,0,4
46,241,241,1,30
46,241,241,2,163
46,241,241,3,125
46,241,241,4,0
46,241,241,5,2
46,241,241,6,261
46,241,241,7,0
46,241,241,8,3
46,241,241,9,1
46,241,241,10,1
46,241,241,11,0
46,241,241,0,2
46,242,242,1,0
46,242,242,2,0
46,242,242,3,0
46,242,242,4,0
46,242,242,5,0
46,242,242,6,0
46,242,242,7,0
46,242,242,8,0
46,242,242,9,0
46,242,242,10,0
46,242,242,11,0
46,242,242,0,0
46,242,242,1,19
46,242,242,2,194
46,242,242,3,130
46,242,242,4,1
46,242,242,5,2
46,242,242,6,280
46,242,242,7,2
46,242,242,8,1
46,242,242,9,1
46,242,242,10,3
46,242,242,11,2
46,242,242,0,1
46,243,243,1,26
46,243,243,2,225
46,243,243,3,133
46,243,243,4,2
46,243,243,5,1
46,243,243,6,278
46,243,243,7,1
46,243,243,8,2
46,243,243,9,0
46,243,243,10,0
46,243,243,11,0
46,243,243,0,4
46,243,243,1,0
46,243,243,2,0
46,243,243,3,0
46,243,243,4,0
46,243,243,5,0
46,243,243,6,0
46,243,243,7,0
46,243,243,8,0
46,243,243,9,0
46,243,243,10,0
46,243,243,11,0
46,243,243,0,0
46,244,244,1,0
46,244,244,2,0
46,244,244,3,0
46,244,244,4,0
46,244,244,5,0
46,244,244,6,0
46,244,244,7,0
46,244,244,8,0
46,244,244,9,0
46,244,244,10,0
46,244,244,11,0
46,244,244,0,0
46,244,244,1,37
46,244,244,2,298
46,244,244,3,199
46,244,244,4,4
46,244,244,5,3
46,244,244,6,387
46,244,244,7,7
46,244,244,8,3
46,244,244,9,0
46,244,244,10,0
46,244,244,11,0
46,244,244,0,3
46,245,245,1,18
46,245,245,2,250
46,245,245,3,131
46,245,245,4,4
46,245,245,5,1
46,245,245,6,219
46,245,245,7,1
46,245,245,8,1
46,245,245,9,0
46,245,245,10,1
46,245,245,11,1
46,245,245,0,4
46,246,246,1,42
46,246,246,2,90
46,246,246,3,146
46,246,246,4,2
46,246,246,5,3
46,246,246,6,305
46,246,246,7,2
46,246,246,8,1
46,246,246,9,0
46,246,246,10,1
46,246,246,11,0
46,246,246,0,2
46,247,247,1,25
46,247,247,2,264
46,247,247,3,201
46,247,247,4,2
46,247,247,5,3
46,247,247,6,462
46,247,247,7,3
46,247,247,8,2
46,247,247,9,1
46,247,247,10,4
46,247,247,11,2
46,247,247,0,4
46,248,248,1,23
46,248,248,2,165
46,248,248,3,135
46,248,248,4,3
46,248,248,5,1
46,248,248,6,257
46,248,248,7,1
46,248,248,8,0
46,248,248,9,2
46,248,248,10,3
46,248,248,11,0
46,248,248,0,2
46,249,249,1,23
46,249,249,2,164
46,249,249,3,131
46,249,249,4,2
46,249,249,5,2
46,249,249,6,282
46,249,249,7,1
46,249,249,8,0
46,249,249,9,0
46,249,249,10,3
46,249,249,11,2
46,249,249,0,3
46,250,250,1,17
46,250,250,2,237
46,250,250,3,119
46,250,250,4,1
46,250,250,5,1
46,250,250,6,265
46,250,250,7,2
46,250,250,8,3
46,250,250,9,0
46,250,250,10,3
46,250,250,11,2
46,250,250,0,1
46,251,251,1,8
46,251,251,2,231
46,251,251,3,120
46,251,251,4,0
46,251,251,5,0
46,251,251,6,254
46,251,251,7,3
46,251,251,8,1
46,251,251,9,0
46,251,251,10,1
46,251,251,11,2
46,251,251,0,0
46,252,252,1,32
46,252,252,2,167
46,252,252,3,145
46,252,252,4,0
46,252,252,5,0
46,252,252,6,302
46,252,252,7,0
46,252,252,8,0
46,252,252,9,0
46,252,252,10,3
46,252,252,11,0
46,252,252,0,4
46,253,253,1,22
46,253,253,2,654
46,253,253,3,111
46,253,253,4,1
46,253,253,5,0
46,253,253,6,194
46,253,253,7,0
46,253,253,8,2
46,253,253,9,0
46,253,253,10,0
46,253,253,11,1
46,253,253,0,5
46,253,253,1,0
46,253,253,2,0
46,253,253,3,0
46,253,253,4,0
46,253,253,5,0
46,253,253,6,0
46,253,253,7,0
46,253,253,8,0
46,253,253,9,0
46,253,253,10,0
46,253,253,11,0
46,253,253,0,0
46,254,254,1,0
46,254,254,2,0
46,254,254,3,0
46,254,254,4,0
46,254,254,5,0
46,254,254,6,0
46,254,254,7,0
46,254,254,8,0
46,254,254,9,0
46,254,254,10,0
46,254,254,11,0
46,254,254,0,0
46,254,254,1,16
46,254,254,2,204
46,254,254,3,124
46,254,254,4,7
46,254,254,5,0
46,254,254,6,201
46,254,254,7,1
46,254,254,8,2
46,254,254,9,0
46,254,254,10,3
46,254,254,11,0
46,254,254,0,1
46,255,255,1,0
46,255,255,2,0
46,255,255,3,0
46,255,255,4,0
46,255,255,5,0
46,255,255,6,0
46,255,255,7,0
46,255,255,8,0
46,255,255,9,0
46,255,255,10,0
46,255,255,11,0
46,255,255,0,0
46,255,255,1,24
46,255,255,2,272
46,255,255,3,251
46,255,255,4,8
46,255,255,5,2
46,255,255,6,418
46,255,255,7,3
46,255,255,8,2
46,255,255,9,0
46,255,255,10,1
46,255,255,11,0
46,255,255,0,6
46,256,256,1,18
46,256,256,2,290
46,256,256,3,88
46,256,256,4,1
46,256,256,5,0
46,256,256,6,221
46,256,256,7,0
46,256,256,8,0
46,256,256,9,0
46,256,256,10,0
46,256,256,11,1
46,256,256,0,4
46,257,257,1,37
46,257,257,2,156
46,257,257,3,233
46,257,257,4,6
46,257,257,5,3
46,257,257,6,432
46,257,257,7,0
46,257,257,8,1
46,257,257,9,0
46,257,257,10,2
46,257,257,11,1
46,257,257,0,1
46,258,258,1,24
46,258,258,2,254
46,258,258,3,177
46,258,258,4,4
46,258,258,5,2
46,258,258,6,397
46,258,258,7,3
46,258,258,8,4
46,258,258,9,1
46,258,258,10,8
46,258,258,11,0
46,258,258,0,5
46,259,259,1,17
46,259,259,2,269
46,259,259,3,167
46,259,259,4,0
46,259,259,5,1
46,259,259,6,388
46,259,259,7,1
46,259,259,8,1
46,259,259,9,3
46,259,259,10,1
46,259,259,11,0
46,259,259,0,4
46,260,260,1,18
46,260,260,2,255
46,260,260,3,187
46,260,260,4,4
46,260,260,5,1
46,260,260,6,286
46,260,260,7,1
46,260,260,8,0
46,260,260,9,0
46,260,260,10,2
46,260,260,11,0
46,260,260,0,4
46,261,261,1,12
46,261,261,2,144
46,261,261,3,120
46,261,261,4,2
46,261,261,5,1
46,261,261,6,278
46,261,261,7,0
46,261,261,8,1
46,261,261,9,0
46,261,261,10,1
46,261,261,11,0
46,261,261,0,4
46,262,262,1,14
46,262,262,2,218
46,262,262,3,159
46,262,262,4,3
46,262,262,5,1
46,262,262,6,183
46,262,262,7,1
46,262,262,8,3
46,262,262,9,0
46,262,262,10,3
46,262,262,11,2
46,262,262,0,1
46,263,263,1,29
46,263,263,2,347
46,263,263,3,190
46,263,263,4,2
46,263,263,5,1
46,263,263,6,338
46,263,263,7,1
46,263,263,8,1
46,263,263,9,1
46,263,263,10,0
46,263,263,11,1
46,263,263,0,3
46,264,264,1,17
46,264,264,2,138
46,264,264,3,254
46,264,264,4,1
46,264,264,5,3
46,264,264,6,273
46,264,264,7,0
46,264,264,8,2
46,264,264,9,0
46,264,264,10,0
46,264,264,11,2
46,264,264,0,2
46,264,264,1,0
46,264,264,2,0
46,264,264,3,0
46,264,264,4,0
46,264,264,5,0
46,264,264,6,0
46,264,264,7,0
46,264,264,8,0
46,264,264,9,0
46,264,264,10,0
46,264,264,11,0
46,264,264,0,0
46,265,265,1,0
46,265,265,2,0
46,265,265,3,0
46,265,265,4,0
46,265,265,5,0
46,265,265,6,0
46,265,265,7,0
46,265,265,8,0
46,265,265,9,0
46,265,265,10,0
46,265,265,11,0
46,265,265,0,0
46,265,265,1,21
46,265,265,2,105
46,265,265,3,404
46,265,265,4,3
46,265,265,5,0
46,265,265,6,158
46,265,265,7,4
46,265,265,8,0
46,265,265,9,1
46,265,265,10,2
46,265,265,11,0
46,265,265,0,3
46,266,266,1,0
46,266,266,2,0
46,266,266,3,0
46,266,266,4,0
46,266,266,5,0
46,266,266,6,0
46,266,266,7,0
46,266,266,8,0
46,266,266,9,0
46,266,266,10,0
46,266,266,11,0
46,266,266,0,0
46,266,266,1,25
46,266,266,2,385
46,266,266,3,198
46,266,266,4,2
46,266,266,5,3
46,266,266,6,154
46,266,266,7,1
46,266,266,8,3
46,266,266,9,1
46,266,266,10,3
46,266,266,11,1
46,266,266,0,4
46,267,267,1,28
46,267,267,2,285
46,267,267,3,111
46,267,267,4,0
46,267,267,5,1
46,267,267,6,154
46,267,267,7,1
46,267,267,8,0
46,267,267,9,0
46,267,267,10,2
46,267,267,11,1
46,267,267,0,1
46,268,268,1,19
46,268,268,2,275
46,268,268,3,159
46,268,268,4,0
46,268,268,5,0
46,268,268,6,196
46,268,268,7,0
46,268,268,8,2
46,268,268,9,0
46,268,268,10,0
46,268,268,11,0
46,268,268,0,3
46,269,269,1,17
46,269,269,2,180
46,269,269,3,115
46,269,269,4,1
46,269,269,5,0
46,269,269,6,225
46,269,269,7,1
46,269,269,8,2
46,269,269,9,0
46,269,269,10,1
46,269,269,11,0
46,269,269,0,1
46,270,270,1,8
46,270,270,2,105
46,270,270,3,71
46,270,270,4,1
46,270,270,5,2
46,270,270,6,537
46,270,270,7,2
46,270,270,8,1
46,270,270,9,0
46,270,270,10,3
46,270,270,11,2
46,270,270,0,2
46,271,271,1,6
46,271,271,2,139
46,271,271,3,104
46,271,271,4,1
46,271,271,5,1
46,271,271,6,246
46,271,271,7,0
46,271,271,8,1
46,271,271,9,0
46,271,271,10,1
46,271,271,11,0
46,271,271,0,1
46,272,272,1,11
46,272,272,2,196
46,272,272,3,176
46,272,272,4,1
46,272,272,5,2
46,272,272,6,171
46,272,272,7,4
46,272,272,8,0
46,272,272,9,2
46,272,272,10,0
46,272,272,11,0
46,272,272,0,0
46,273,273,1,35
46,273,273,2,254
46,273,273,3,190
46,273,273,4,1
46,273,273,5,0
46,273,273,6,421
46,273,273,7,0
46,273,273,8,3
46,273,273,9,3
46,273,273,10,2
46,273,273,11,0
46,273,273,0,2
46,274,274,1,30
46,274,274,2,357
46,274,274,3,183
46,274,274,4,1
46,274,274,5,0
46,274,274,6,274
46,274,274,7,0
46,274,274,8,3
46,274,274,9,1
46,274,274,10,2
46,274,274,11,2
46,274,274,0,5
46,275,275,1,14
46,275,275,2,100
46,275,275,3,176
46,275,275,4,0
46,275,275,5,1
46,275,275,6,237
46,275,275,7,0
46,275,275,8,1
46,275,275,9,0
46,275,275,10,2
46,275,275,11,0
46,275,275,0,0
46,275,275,1,0
46,275,275,2,0
46,275,275,3,0
46,275,275,4,0
46,275,275,5,0
46,275,275,6,0
46,275,275,7,0
46,275,275,8,0
46,275,275,9,0
46,275,275,10,0
46,275,275,11,0
46,275,275,0,0
46,276,276,1,0
46,276,276,2,0
46,276,276,3,0
46,276,276,4,0
46,276,276,5,0
46,276,276,6,0
46,276,276,7,0
46,276,276,8,0
46,276,276,9,0
46,276,276,10,0
46,276,276,11,0
46,276,276,0,0
46,276,276,1,5
46,276,276,2,16
46,276,276,3,391
46,276,276,4,0
46,276,276,5,1
46,276,276,6,72
46,276,276,7,0
46,276,276,8,0
46,276,276,9,0
46,276,276,10,0
46,276,276,11,0
46,276,276,0,1
46,277,277,1,0
46,277,277,2,0
46,277,277,3,0
46,277,277,4,0
46,277,277,5,0
46,277,277,6,0
46,277,277,7,0
46,277,277,8,0
46,277,277,9,0
46,277,277,10,0
46,277,277,11,0
46,277,277,0,0
46,277,277,1,23
46,277,277,2,101
46,277,277,3,383
46,277,277,4,4
46,277,277,5,0
46,277,277,6,161
46,277,277,7,0
46,277,277,8,2
46,277,277,9,0
46,277,277,10,2
46,277,277,11,3
46,277,277,0,2
46,278,278,1,17
46,278,278,2,55
46,278,278,3,619
46,278,278,4,4
46,278,278,5,0
46,278,278,6,204
46,278,278,7,2
46,278,278,8,2
46,278,278,9,0
46,278,278,10,2
46,278,278,11,0
46,278,278,0,1
46,279,279,1,40
46,279,279,2,279
46,279,279,3,131
46,279,279,4,4
46,279,279,5,0
46,279,279,6,422
46,279,279,7,2
46,279,279,8,0
46,279,279,9,1
46,279,279,10,2
46,279,279,11,4
46,279,279,0,1
46,280,280,1,16
46,280,280,2,151
46,280,280,3,284
46,280,280,4,1
46,280,280,5,0
46,280,280,6,248
46,280,280,7,0
46,280,280,8,0
46,280,280,9,0
46,280,280,10,1
46,280,280,11,1
46,280,280,0,2
46,281,281,1,20
46,281,281,2,156
46,281,281,3,219
46,281,281,4,3
46,281,281,5,1
46,281,281,6,340
46,281,281,7,1
46,281,281,8,4
46,281,281,9,0
46,281,281,10,1
46,281,281,11,0
46,281,281,0,2
46,282,282,1,11
46,282,282,2,180
46,282,282,3,254
46,282,282,4,4
46,282,282,5,0
46,282,282,6,314
46,282,282,7,4
46,282,282,8,3
46,282,282,9,0
46,282,282,10,1
46,282,282,11,1
46,282,282,0,2
46,283,283,1,29
46,283,283,2,411
46,283,283,3,118
46,283,283,4,0
46,283,283,5,2
46,283,283,6,254
46,283,283,7,1
46,283,283,8,1
46,283,283,9,1
46,283,283,10,1
46,283,283,11,1
46,283,283,0,0
46,284,284,1,10
46,284,284,2,57
46,284,284,3,377
46,284,284,4,1
46,284,284,5,1
46,284,284,6,198
46,284,284,7,0
46,284,284,8,0
46,284,284,9,0
46,284,284,10,2
46,284,284,11,1
46,284,284,0,0
46,285,285,1,15
46,285,285,2,58
46,285,285,3,347
46,285,285,4,1
46,285,285,5,1
46,285,285,6,176
46,285,285,7,0
46,285,285,8,2
46,285,285,9,1
46,285,285,10,2
46,285,285,11,1
46,285,285,0,0
46,286,286,1,30
46,286,286,2,135
46,286,286,3,245
46,286,286,4,0
46,286,286,5,2
46,286,286,6,313
46,286,286,7,0
46,286,286,8,2
46,286,286,9,1
46,286,286,10,2
46,286,286,11,1
46,286,286,0,5
46,286,286,1,0
46,286,286,2,0
46,286,286,3,0
46,286,286,4,0
46,286,286,5,0
46,286,286,6,0
46,286,286,7,0
46,286,286,8,0
46,286,286,9,0
46,286,286,10,0
46,286,286,11,0
46,286,286,0,0
46,287,287,1,7
46,287,287,2,12
46,287,287,3,613
46,287,287,4,3
46,287,287,5,0
46,287,287,6,80
46,287,287,7,0
46,287,287,8,0
46,287,287,9,1
46,287,287,10,0
46,287,287,11,0
46,287,287,0,2
46,287,287,1,0
46,287,287,2,0
46,287,287,3,0
46,287,287,4,0
46,287,287,5,0
46,287,287,6,0
46,287,287,7,0
46,287,287,8,0
46,287,287,9,0
46,287,287,10,0
46,287,287,11,0
46,287,287,0,0
46,288,288,1,0
46,288,288,2,0
46,288,288,3,0
46,288,288,4,0
46,288,288,5,0
46,288,288,6,0
46,288,288,7,0
46,288,288,8,0
46,288,288,9,0
46,288,288,10,0
46,288,288,11,0
46,288,288,0,0
46,288,288,1,17
46,288,288,2,187
46,288,288,3,301
46,288,288,4,1
46,288,288,5,0
46,288,288,6,258
46,288,288,7,0
46,288,288,8,1
46,288,288,9,0
46,288,288,10,0
46,288,288,11,0
46,288,288,0,2
46,289,289,1,11
46,289,289,2,195
46,289,289,3,115
46,289,289,4,2
46,289,289,5,0
46,289,289,6,104
46,289,289,7,0
46,289,289,8,3
46,289,289,9,1
46,289,289,10,1
46,289,289,11,2
46,289,289,0,1
46,290,290,1,29
46,290,290,2,249
46,290,290,3,191
46,290,290,4,2
46,290,290,5,1
46,290,290,6,491
46,290,290,7,2
46,290,290,8,1
46,290,290,9,0
46,290,290,10,1
46,290,290,11,0
46,290,290,0,4
46,291,291,1,25
46,291,291,2,244
46,291,291,3,184
46,291,291,4,7
46,291,291,5,3
46,291,291,6,434
46,291,291,7,1
46,291,291,8,1
46,291,291,9,3
46,291,291,10,1
46,291,291,11,2
46,291,291,0,3
46,292,292,1,11
46,292,292,2,239
46,292,292,3,111
46,292,292,4,2
46,292,292,5,0
46,292,292,6,248
46,292,292,7,3
46,292,292,8,4
46,292,292,9,1
46,292,292,10,2
46,292,292,11,3
46,292,292,0,2
46,293,293,1,18
46,293,293,2,208
46,293,293,3,152
46,293,293,4,2
46,293,293,5,2
46,293,293,6,392
46,293,293,7,2
46,293,293,8,0
46,293,293,9,2
46,293,293,10,0
46,293,293,11,0
46,293,293,0,3
46,294,294,1,15
46,294,294,2,130
46,294,294,3,84
46,294,294,4,3
46,294,294,5,2
46,294,294,6,269
46,294,294,7,1
46,294,294,8,2
46,294,294,9,0
46,294,294,10,0
46,294,294,11,0
46,294,294,0,3
46,295,295,1,25
46,295,295,2,265
46,295,295,3,149
46,295,295,4,1
46,295,295,5,1
46,295,295,6,226
46,295,295,7,1
46,295,295,8,0
46,295,295,9,0
46,295,295,10,1
46,295,295,11,1
46,295,295,0,2
46,296,296,1,26
46,296,296,2,211
46,296,296,3,133
46,296,296,4,0
46,296,296,5,2
46,296,296,6,286
46,296,296,7,0
46,296,296,8,1
46,296,296,9,0
46,296,296,10,2
46,296,296,11,1
46,296,296,0,3
46,297,297,1,29
46,297,297,2,196
46,297,297,3,131
46,297,297,4,1
46,297,297,5,1
46,297,297,6,229
46,297,297,7,0
46,297,297,8,1
46,297,297,9,0
46,297,297,10,0
46,297,297,11,0
46,297,297,0,0
46,297,297,1,0
46,297,297,2,0
46,297,297,3,0
46,297,297,4,0
46,297,297,5,0
46,297,297,6,0
46,297,297,7,0
46,297,297,8,0
46,297,297,9,0
46,297,297,10,0
46,297,297,11,0
46,297,297,0,0
46,298,298,1,24
46,298,298,2,227
46,298,298,3,124
46,298,298,4,2
46,298,298,5,0
46,298,298,6,159
46,298,298,7,0
46,298,298,8,1
46,298,298,9,0
46,298,298,10,0
46,298,298,11,0
46,298,298,0,1
46,298,298,1,0
46,298,298,2,0
46,298,298,3,0
46,298,298,4,0
46,298,298,5,0
46,298,298,6,0
46,298,298,7,0
46,298,298,8,0
46,298,298,9,0
46,298,298,10,0
46,298,298,11,0
46,298,298,0,0
46,299,299,1,0
46,299,299,2,0
46,299,299,3,0
46,299,299,4,0
46,299,299,5,0
46,299,299,6,0
46,299,299,7,0
46,299,299,8,0
46,299,299,9,0
46,299,299,10,0
46,299,299,11,0
46,299,299,0,0
46,299,299,1,25
46,299,299,2,237
46,299,299,3,174
46,299,299,4,1
46,299,299,5,3
46,299,299,6,406
46,299,299,7,1
46,299,299,8,2
46,299,299,9,0
46,299,299,10,1
46,299,299,11,1
46,299,299,0,2
46,300,300,1,17
46,300,300,2,271
46,300,300,3,178
46,300,300,4,3
46,300,300,5,3
46,300,300,6,616
46,300,300,7,1
46,300,300,8,3
46,300,300,9,1
46,300,300,10,4
46,300,300,11,1
46,300,300,0,6
46,301,301,1,32
46,301,301,2,212
46,301,301,3,205
46,301,301,4,1
46,301,301,5,0
46,301,301,6,291
46,301,301,7,0
46,301,301,8,0
46,301,301,9,0
46,301,301,10,1
46,301,301,11,1
46,301,301,0,2
46,302,302,1,20
46,302,302,2,192
46,302,302,3,208
46,302,302,4,2
46,302,302,5,0
46,302,302,6,213
46,302,302,7,1
46,302,302,8,4
46,302,302,9,1
46,302,302,10,1
46,302,302,11,0
46,302,302,0,2
46,303,303,1,20
46,303,303,2,94
46,303,303,3,406
46,303,303,4,4
46,303,303,5,1
46,303,303,6,217
46,303,303,7,0
46,303,303,8,4
46,303,303,9,0
46,303,303,10,1
46,303,303,11,0
46,303,303,0,1
46,304,304,1,36
46,304,304,2,121
46,304,304,3,395
46,304,304,4,2
46,304,304,5,0
46,304,304,6,431
46,304,304,7,1
46,304,304,8,3
46,304,304,9,0
46,304,304,10,0
46,304,304,11,0
46,304,304,0,2
46,305,305,1,24
46,305,305,2,108
46,305,305,3,564
46,305,305,4,1
46,305,305,5,2
46,305,305,6,372
46,305,305,7,2
46,305,305,8,3
46,305,305,9,2
46,305,305,10,3
46,305,305,11,0
46,305,305,0,3
46,306,306,1,15
46,306,306,2,181
46,306,306,3,234
46,306,306,4,1
46,306,306,5,0
46,306,306,6,293
46,306,306,7,4
46,306,306,8,3
46,306,306,9,2
46,306,306,10,1
46,306,306,11,1
46,306,306,0,1
46,307,307,1,10
46,307,307,2,137
46,307,307,3,85
46,307,307,4,1
46,307,307,5,0
46,307,307,6,281
46,307,307,7,0
46,307,307,8,3
46,307,307,9,0
46,307,307,10,0
46,307,307,11,0
46,307,307,0,3
46,308,308,1,21
46,308,308,2,194
46,308,308,3,106
46,308,308,4,2
46,308,308,5,3
46,308,308,6,303
46,308,308,7,1
46,308,308,8,2
46,308,308,9,0
46,308,308,10,0
46,308,308,11,1
46,308,308,0,3
46,308,308,1,0
46,308,308,2,0
46,308,308,3,0
46,308,308,4,0
46,308,308,5,0
46,308,308,6,0
46,308,308,7,0
46,308,308,8,0
46,308,308,9,0
46,308,308,10,0
46,308,308,11,0
46,308,308,0,0
46,309,309,1,21
46,309,309,2,84
46,309,309,3,321
46,309,309,4,3
46,309,309,5,0
46,309,309,6,349
46,309,309,7,2
46,309,309,8,1
46,309,309,9,2
46,309,309,10,3
46,309,309,11,1
46,309,309,0,2
46,309,309,1,0
46,309,309,2,0
46,309,309,3,0
46,309,309,4,0
46,309,309,5,0
46,309,309,6,0
46,309,309,7,0
46,309,309,8,0
46,309,309,9,0
46,309,309,10,0
46,309,309,11,0
46,309,309,0,0
46,310,310,1,0
46,310,310,2,0
46,310,310,3,0
46,310,310,4,0
46,310,310,5,0
46,310,310,6,0
46,310,310,7,0
46,310,310,8,0
46,310,310,9,0
46,310,310,10,0
46,310,310,11,0
46,310,310,0,0
46,310,310,1,10
46,310,310,2,71
46,310,310,3,207
46,310,310,4,2
46,310,310,5,1
46,310,310,6,402
46,310,310,7,0
46,310,310,8,0
46,310,310,9,0
46,310,310,10,1
46,310,310,11,2
46,310,310,0,2
46,311,311,1,7
46,311,311,2,59
46,311,311,3,138
46,311,311,4,1
46,311,311,5,3
46,311,311,6,241
46,311,311,7,1
46,311,311,8,1
46,311,311,9,1
46,311,311,10,0
46,311,311,11,1
46,311,311,0,1
46,312,312,1,15
46,312,312,2,105
46,312,312,3,213
46,312,312,4,2
46,312,312,5,0
46,312,312,6,411
46,312,312,7,1
46,312,312,8,0
46,312,312,9,1
46,312,312,10,2
46,312,312,11,0
46,312,312,0,2
46,313,313,1,9
46,313,313,2,248
46,313,313,3,76
46,313,313,4,0
46,313,313,5,0
46,313,313,6,261
46,313,313,7,4
46,313,313,8,0
46,313,313,9,3
46,313,313,10,2
46,313,313,11,0
46,313,313,0,0
46,314,314,1,16
46,314,314,2,311
46,314,314,3,74
46,314,314,4,0
46,314,314,5,1
46,314,314,6,261
46,314,314,7,3
46,314,314,8,6
46,314,314,9,0
46,314,314,10,1
46,314,314,11,0
46,314,314,0,2
46,315,315,1,19
46,315,315,2,294
46,315,315,3,70
46,315,315,4,2
46,315,315,5,1
46,315,315,6,289
46,315,315,7,2
46,315,315,8,2
46,315,315,9,0
46,315,315,10,1
46,315,315,11,0
46,315,315,0,6
46,316,316,1,19
46,316,316,2,320
46,316,316,3,65
46,316,316,4,1
46,316,316,5,3
46,316,316,6,279
46,316,316,7,2
46,316,316,8,4
46,316,316,9,0
46,316,316,10,1
46,316,316,11,0
46,316,316,0,1
46,317,317,1,21
46,317,317,2,295
46,317,317,3,75
46,317,317,4,1
46,317,317,5,3
46,317,317,6,219
46,317,317,7,1
46,317,317,8,4
46,317,317,9,2
46,317,317,10,3
46,317,317,11,1
46,317,317,0,0
46,318,318,1,21
46,318,318,2,234
46,318,318,3,361
46,318,318,4,7
46,318,318,5,2
46,318,318,6,436
46,318,318,7,0
46,318,318,8,5
46,318,318,9,1
46,318,318,10,3
46,318,318,11,1
46,318,318,0,0
46,318,318,1,0
46,318,318,2,0
46,318,318,3,0
46,318,318,4,0
46,318,318,5,0
46,318,318,6,0
46,318,318,7,0
46,318,318,8,0
46,318,318,9,0
46,318,318,10,0
46,318,318,11,0
46,318,318,0,0
46,319,319,1,33
46,319,319,2,246
46,319,319,3,235
46,319,319,4,3
46,319,319,5,0
46,319,319,6,439
46,319,319,7,2
46,319,319,8,0
46,319,319,9,1
46,319,319,10,3
46,319,319,11,0
46,319,319,0,2
46,319,319,1,0
46,319,319,2,0
46,319,319,3,0
46,319,319,4,0
46,319,319,5,0
46,319,319,6,0
46,319,319,7,0
46,319,319,8,0
46,319,319,9,0
46,319,319,10,0
46,319,319,11,0
46,319,319,0,0
46,320,320,1,5735
46,320,320,2,63635
46,320,320,3,72351
46,320,320,4,692
46,320,320,5,383
46,320,320,6,82474
46,320,320,7,349
46,320,320,8,515
46,320,320,9,151
46,320,320,10,400
46,320,320,11,226
46,320,320,0,792
46,320,320,1,0
46,320,320,2,0
46,320,320,3,0
46,320,320,4,0
46,320,320,5,0
46,320,320,6,0
46,320,320,7,0
46,320,320,8,0
46,320,320,9,0
46,320,320,10,0
46,320,320,11,0
46,320,320,0,0
46,321,321,1,5802
46,321,321,2,64122
46,321,321,3,72761
46,321,321,4,697
46,321,321,5,383
46,321,321,6,82858
46,321,321,7,351
46,321,321,8,519
46,321,321,9,157
46,321,321,10,400
46,321,321,11,227
46,321,321,0,799
