district,ac_code,ac_name,male,female,third_gender,total,polling_stations
ARIYALUR,149,Ariyalur,130194,132732,16,262942,330
ARIYALUR,150,Jayankondam,130371,133067,12,263450,320
CHENGALPATTU,32,Chengalpattu,181069,191713,57,372839,496
CHENGALPATTU,34,Cheyyur,100917,103061,20,203998,287
CHENGALPATTU,35,Madurantakam,104496,108078,65,212639,285
CHENGALPATTU,30,Pallavaram,164338,172601,24,336963,468
CHENGALPATTU,27,Shozhinganallur,270668,283121,116,553905,700
CHENGALPATTU,31,Tambaram,160449,169560,51,330060,465
CHENGALPATTU,33,Thiruporur,143244,151112,54,294410,369
CHENNAI,21,Anna Nagar,90834,97979,48,188861,273
CHENNAI,19,Chepauk-Thiruvallikeni,80438,85526,59,166023,235
CHENNAI,11,Dr.Radhakrishnan Nagar,95250,104013,96,199359,246
CHENNAI,16,Egmore,67542,71176,57,138775,200
CHENNAI,18,Harbour,59771,60298,57,120126,192
CHENNAI,13,Kolathur,101791,109945,36,211772,286
CHENNAI,25,Mylapore,95275,104166,24,199465,272
CHENNAI,12,Perambur,109688,116535,73,226296,298
CHENNAI,17,Royapuram,77211,82385,58,159654,194
CHENNAI,23,Saidapet,98535,105549,62,204146,282
CHENNAI,15,Thiru-Vi-Ka-Nagar,87082,94476,63,181621,223
CHENNAI,24,Thiyagarayanagar,76513,82210,34,158757,251
CHENNAI,20,Thousand Lights,75239,82221,69,157529,247
CHENNAI,26,Velachery,104904,112220,47,217171,314
CHENNAI,14,Villivakkam,78671,84668,33,163372,255
CHENNAI,22,Virugampakkam,96972,103554,52,200578,311
COIMBATORE,118,Coimbatore (North),145849,151061,29,296939,339
COIMBATORE,120,Coimbatore (South),91301,97545,32,188878,283
COIMBATORE,117,Kavundampalayam,205189,216834,115,422138,547
COIMBATORE,122,Kinathukadavu,147068,158774,36,305878,377
COIMBATORE,111,Mettuppalayam,134220,147924,35,282179,360
COIMBATORE,123,Pollachi,96994,106942,35,203971,281
COIMBATORE,121,Singanallur,130529,139388,24,269941,358
COIMBATORE,116,Sulur,147868,159647,101,307616,385
COIMBATORE,119,Thondamuthur,141641,151577,106,293324,371
COIMBATORE,124,Valparai,82100,91487,21,173608,262
CUDDALORE,157,Bhuvanagiri,115772,117468,19,233259,304
CUDDALORE,158,Chidambaram,113561,117645,30,231236,298
CUDDALORE,155,Cuddalore,106187,116882,80,223149,258
CUDDALORE,159,Kattumannarkoil,112479,113844,10,226333,291
CUDDALORE,156,Kurinjipadi,116838,121305,46,238189,278
CUDDALORE,153,Neyveli,95509,95746,16,191271,256
CUDDALORE,154,Panruti,117245,124450,72,241767,309
CUDDALORE,151,Tittakudi,102727,106253,4,208984,279
CUDDALORE,152,Vriddhachalam,119650,121111,22,240783,317
DHARMAPURI,59,Dharmapuri,130664,130003,84,260751,320
DHARMAPURI,61,Harur,122332,123336,24,245692,322
DHARMAPURI,57,Palacode,120881,119420,21,240322,312
DHARMAPURI,60,Pappireddipatti,128301,128325,14,256640,322
DHARMAPURI,58,Pennagaram,127802,120803,9,248614,320
DINDIGUL,129,Athoor,125951,135875,17,261843,341
DINDIGUL,132,Dindigul,116779,125127,20,241926,316
DINDIGUL,131,Natham,128229,132854,69,261152,359
DINDIGUL,130,Nilakkottai,108300,112780,14,221094,305
DINDIGUL,128,Oddanchatram,105633,114603,2,220238,314
DINDIGUL,127,Palani,116862,122883,50,239795,339
DINDIGUL,133,Vedasandur,119153,124618,3,243774,327
ERODE,105,Anthiyur,101094,106234,27,207355,271
ERODE,104,Bhavani,109005,114147,20,223172,306
ERODE,107,Bhavanisagar,114697,122893,23,237613,327
ERODE,98,Erode (East),85804,93724,38,179566,259
ERODE,99,Erode (West),120433,129701,43,250177,325
ERODE,106,Gobichettipalayam,114070,125096,13,239179,309
ERODE,100,Modakkurichi,99241,108411,12,207664,290
ERODE,103,Perundurai,102853,111572,6,214431,292
KALLAKURICHI,80,Kallakurichi,138968,142546,68,281582,370
KALLAKURICHI,78,Rishivandiyam,136637,136883,51,273571,350
KALLAKURICHI,79,Sankarapuram,131507,134400,44,265951,340
KALLAKURICHI,77,Ulundurpettai,150411,150244,44,300699,375
KANCHEEPURAM,28,Alandur,146242,154771,42,301055,431
KANCHEEPURAM,37,Kancheepuram,134909,143829,37,278775,358
KANCHEEPURAM,29,Sriperumbudur,184564,197123,63,381750,435
KANCHEEPURAM,36,Uthiramerur,119559,126556,62,246177,321
KANNIYAKUMARI,231,Colachal,132540,132474,1,265015,316
KANNIYAKUMARI,229,Kanniyakumari,142078,146695,94,288867,363
KANNIYAKUMARI,234,Killiyoor,123798,121546,15,245359,301
KANNIYAKUMARI,230,Nagercoil,126738,132180,10,258928,322
KANNIYAKUMARI,232,Padmanabhapuram,117488,118020,3,235511,312
KANNIYAKUMARI,233,Vilavancode,112612,114043,3,226658,300
KARUR,134,Aravakurichi,93172,102343,2,195517,267
KARUR,135,Karur,108232,121722,41,229995,283
KARUR,136,Krishnarayapuram,98636,104327,31,202994,275
KARUR,137,Kulithalai,108901,114276,7,223184,286
KRISHNAGIRI,52,Bargur,118085,121216,17,239318,324
KRISHNAGIRI,55,Hosur,171258,171659,72,342989,445
KRISHNAGIRI,53,Krishnagiri,130891,136414,61,267366,340
KRISHNAGIRI,56,Thalli,120876,117011,37,237924,321
KRISHNAGIRI,51,Uthangarai,117810,117600,41,235451,319
KRISHNAGIRI,54,Veppanahalli,124431,121624,38,246093,343
MADURAI,193,Madurai Central,96947,102645,26,199618,253
MADURAI,189,Madurai East,163848,172622,57,336527,398
MADURAI,191,Madurai North,107416,113708,50,221174,266
MADURAI,192,Madurai South,88266,91604,49,179919,236
MADURAI,194,Madurai West,135052,140452,12,275516,327
MADURAI,188,Melur,114032,115778,11,229821,291
MADURAI,190,Sholavandan,105300,109473,12,214785,261
MADURAI,196,Thirumangalam,126708,134521,9,261238,350
MADURAI,195,Thiruparankundram,152389,158980,31,311400,352
MADURAI,197,Usilampatti,132351,133833,8,266192,342
MAYILADUTHURAI,161,Mayiladuthurai,115452,119076,26,234554,303
MAYILADUTHURAI,162,Poompuhar,127948,131306,8,259262,342
MAYILADUTHURAI,160,Sirkazhi,119539,121767,13,241319,305
NAGAPATTINAM,164,Kilvelur,84100,86451,7,170558,220
NAGAPATTINAM,163,Nagapattinam,85266,89395,22,174683,240
NAGAPATTINAM,165,Vedaranyam,92348,95090,1,187439,240
NAMAKKAL,97,Kumarapalayam,106188,113788,72,220048,324
NAMAKKAL,94,Namakkal,114355,123442,39,237836,310
NAMAKKAL,95,Paramathi-Velur,98484,106653,10,205147,268
NAMAKKAL,92,Rasipuram,108587,113652,13,222252,285
NAMAKKAL,93,Senthamangalam,112088,117284,26,229398,304
NAMAKKAL,96,Tiruchengodu,101416,107608,48,209072,289
PERAMBALUR,148,Kunnam,132318,135774,3,268095,345
PERAMBALUR,147,Perambalur,140937,149700,29,290666,387
PUDUKKOTTAI,182,Alangudi,104774,107304,0,212078,258
PUDUKKOTTAI,183,Aranthangi,113197,116593,2,229792,302
PUDUKKOTTAI,178,Gandarvakkottai,98574,97441,9,196024,250
PUDUKKOTTAI,180,Pudukkottai,110809,115113,22,225944,295
PUDUKKOTTAI,181,Thirumayam,107590,112975,3,220568,300
PUDUKKOTTAI,179,Viralimalai,110869,114187,34,225090,276
RAMANATHAPURAM,212,Mudhukulathur,148876,150080,2,298958,414
RAMANATHAPURAM,209,Paramakudi,116282,118308,18,234608,323
RAMANATHAPURAM,211,Ramanathapuram,153430,158860,13,312303,399
RAMANATHAPURAM,210,Tiruvadanai,140937,142904,23,283864,378
RANIPET,38,Arakkonam,97690,103057,26,200773,284
RANIPET,42,Arcot,119900,125391,28,245319,318
RANIPET,41,Ranipet,120173,128026,45,248244,304
RANIPET,39,Sholinghur,126667,130843,12,257522,341
SALEM,82,Attur,110724,117407,22,228153,306
SALEM,86,Edappadi,139680,136677,30,276387,342
SALEM,81,Gangavalli,106351,111959,7,218317,280
SALEM,85,Mettur,128836,126814,15,255665,327
SALEM,84,Omalur,149999,144572,22,294593,362
SALEM,89,Salem (North),115968,122619,50,238637,286
SALEM,90,Salem (South),111251,115551,49,226851,268
SALEM,88,Salem (West),128406,129480,64,257950,310
SALEM,87,Sankari,131408,129087,30,260525,339
SALEM,91,Veerapandi,125720,124712,17,250449,312
SALEM,83,Yercaud,133706,139105,18,272829,336
SIVAGANGA,184,Karaikudi,149286,156610,29,305925,388
SIVAGANGA,187,Manamadurai,127349,132026,7,259382,369
SIVAGANGA,186,Sivaganga,136035,142086,3,278124,393
SIVAGANGA,185,Tiruppattur,135436,140464,4,275904,368
TENKASI,223,Alangulam,124706,130730,21,255457,332
TENKASI,221,Kadayanallur,133009,136194,17,269220,364
TENKASI,219,Sankarankovil,115541,122524,17,238082,315
TENKASI,222,Tenkasi,137240,144282,102,281624,359
TENKASI,220,Vasudevanallur,111507,117037,13,228557,310
THANJAVUR,171,Kumbakonam,123507,130796,15,254318,300
THANJAVUR,175,Orathanadu,113315,120221,6,233542,314
THANJAVUR,172,Papanasam,124740,131755,23,256518,315
THANJAVUR,176,Pattukkottai,116032,126368,20,242420,310
THANJAVUR,177,Peravurani,104786,109145,15,213946,284
THANJAVUR,174,Thanjavur,120317,132309,50,252676,309
THANJAVUR,173,Thiruvaiyaru,126231,132123,20,258374,338
THANJAVUR,170,Thiruvidaimarudur,126222,130700,8,256930,326
THE NILGIRIS,110,Coonoor,83960,93814,8,177782,244
THE NILGIRIS,109,Gudalur,89910,95481,7,185398,238
THE NILGIRIS,108,Udhagamandalam,89733,99082,11,188826,254
THENI,198,Andipatti,125525,130974,30,256529,344
THENI,200,Bodinayakanur,127593,135683,16,263292,346
THENI,201,Cumbum,123541,132325,22,255888,345
THENI,199,Periyakulam,129399,136321,110,265830,359
THIRUVALLUR,8,Ambattur,165363,171598,58,337019,364
THIRUVALLUR,6,Avadi,213146,222955,76,436177,499
THIRUVALLUR,1,Gummidipoondi,123359,130734,36,254129,344
THIRUVALLUR,9,Madavaram,211240,220475,81,431796,521
THIRUVALLUR,7,Maduravoyal,183965,189237,81,373283,482
THIRUVALLUR,2,Ponneri,122296,129066,35,251397,327
THIRUVALLUR,5,Poonamallee,179137,189428,69,368634,452
THIRUVALLUR,4,Thiruvallur,122198,128784,36,251018,335
THIRUVALLUR,10,Thiruvottiyur,119207,125575,121,244903,344
THIRUVALLUR,3,Tiruttani,129401,132431,25,261857,337
THIRUVARUR,167,Mannargudi,113605,120821,4,234430,307
THIRUVARUR,169,Nannilam,132348,135070,14,267432,344
THIRUVARUR,166,Thiruthuraipoondi,111565,115267,13,226845,293
THIRUVARUR,168,Thiruvarur,127030,132977,20,260027,327
THOOTHUKUDI,218,Kovilpatti,116980,124651,29,241660,315
THOOTHUKUDI,217,Ottapidaram,118710,124990,56,243756,315
THOOTHUKUDI,216,Srivaikuntam,105728,108535,5,214268,293
THOOTHUKUDI,214,Thoothukkudi,121695,128827,65,250587,360
THOOTHUKUDI,215,Tiruchendur,113407,119496,30,232933,307
THOOTHUKUDI,213,Vilathikulam,100484,104482,16,204982,274
TIRUCHIRAPPALLI,143,Lalgudi,102636,109513,28,212177,276
TIRUCHIRAPPALLI,144,Manachanallur,114314,122148,38,236500,296
TIRUCHIRAPPALLI,138,Manapparai,132135,135856,8,267999,346
TIRUCHIRAPPALLI,145,Musiri,104259,109732,15,214006,283
TIRUCHIRAPPALLI,139,Srirangam,139129,147851,47,287027,366
TIRUCHIRAPPALLI,142,Thiruverumbur,125854,133638,54,259546,312
TIRUCHIRAPPALLI,146,Thuraiyur,101893,108761,31,210685,297
TIRUCHIRAPPALLI,141,Tiruchirappalli (East),106255,113882,54,220191,304
TIRUCHIRAPPALLI,140,Tiruchirappalli (West),114425,124460,35,238920,305
TIRUNELVELI,225,Ambasamudram,110357,117509,12,227878,321
TIRUNELVELI,227,Nanguneri,126452,130712,13,257177,349
TIRUNELVELI,226,Palayamkottai,124935,132376,18,257329,296
TIRUNELVELI,228,Radhapuram,121596,125442,23,247061,326
TIRUNELVELI,224,Tirunelveli,133571,142206,80,275857,386
TIRUPATHUR,48,Ambur,104331,110097,41,214469,300
TIRUPATHUR,49,Jolarpet,116714,119393,20,236127,287
TIRUPATHUR,50,Tirupathur,112703,113959,29,226691,303
TIRUPATHUR,47,Vaniyambadi,119595,122894,51,242540,312
TIRUPPUR,112,Avanashi,121260,132093,8,253361,372
TIRUPPUR,101,Dharapuram,106875,115523,8,222406,320
TIRUPPUR,102,Kangayam,105073,114467,13,219553,318
TIRUPPUR,126,Madathukulam,103252,111541,16,214809,294
TIRUPPUR,115,Palladam,159554,170265,30,329849,480
TIRUPPUR,113,Tiruppur (North),155070,160642,125,315837,442
TIRUPPUR,114,Tiruppur (South),96191,100876,24,197091,289
TIRUPPUR,125,Udumalaipettai,110178,120771,27,230976,307
TIRUVANNAMALAI,67,Arani,124166,130759,38,254963,323
TIRUVANNAMALAI,62,Chengam,133674,135310,13,268997,341
TIRUVANNAMALAI,68,Cheyyar,117854,121993,9,239856,334
TIRUVANNAMALAI,65,Kalasapakkam,115114,117715,18,232847,301
TIRUVANNAMALAI,64,Kilpennathur,118702,122106,15,240823,307
TIRUVANNAMALAI,66,Polur,114848,118915,11,233774,299
TIRUVANNAMALAI,63,Tiruvannamalai,120961,128839,48,249848,318
TIRUVANNAMALAI,69,Vandavasi,105370,108099,5,213474,293
VELLORE,44,Anaikattu,115690,122982,43,238715,295
VELLORE,46,Gudiyattam,122345,129209,34,251588,319
VELLORE,40,Katpadi,110210,118493,33,228736,280
VELLORE,45,Kilvaithinankuppam,105333,109963,8,215304,265
VELLORE,43,Vellore,103205,111252,47,214504,268
VILUPPURAM,70,Gingee,120042,122596,29,242667,320
VILUPPURAM,71,Mailam,104048,104949,19,209016,277
VILUPPURAM,72,Tindivanam,107496,111749,11,219256,293
VILUPPURAM,76,Tirukkoyilur,121983,121087,35,243105,330
VILUPPURAM,73,Vanur,102719,107089,16,209824,299
VILUPPURAM,75,Vikravandi,112767,116199,29,228995,310
VILUPPURAM,74,Viluppuram,119622,126201,76,245899,337
VIRUDHUNAGAR,207,Aruppukkottai,100607,107114,29,207750,270
VIRUDHUNAGAR,202,Rajapalayam,104157,110002,33,214192,269
VIRUDHUNAGAR,204,Sattur,111357,117911,62,229330,291
VIRUDHUNAGAR,205,Sivakasi,110737,117440,28,228205,288
VIRUDHUNAGAR,203,Srivilliputhur,108936,115147,39,224122,308
VIRUDHUNAGAR,208,Tiruchuli,101165,104121,15,205301,292
VIRUDHUNAGAR,206,Virudhunagar,97391,103186,41,200618,281
