sl_no,ac_code,polling_station_number,polling_station,polling_areas,polling_station_type
1,182,1,"Panchayat Union Middle  School East Building, North Facing, Mettupatti 622303","1) Thirukattalai (R.V), Thirukattalai (P), Ward-1 Mettupatti Colony Merkku,2) Thirukattalai (R.V), Thirukattalai (P), Ward-1 Etti Theru,3) Thirukattalai (R.V), Thirukattalai (P), Ward-1 Thiru Nagar,4) Thirukattalai (R.V), Thirukattalai (P), Ward-1 Mettupatti Merkku,5) Thirukattalai (R.V), Thirukattalai (P), Ward-1 Mettupatti,",All Voter
2,182,2,"Panchayat Union Middle  School, West Building, North Side, East FAcing, Eatti Street, Mettupatti 622303","1) Thirukattalai (R.V), Thirukattalai (P), Ward-1 Mettupatti Colony Kilakku,2) Thirukattalai (R.V), Thirukattalai (P), Ward-1 Nanthana Vayal Colony,3) Thirukattalai (R.V), Thirukattalai (P), Ward-1 Kepparai,4) Thirukattalai (R.V), Thirukattalai (P), Ward-1 Vellala Theru,999) OVERSEAS ELECTORS",All Voter
3,182,3,"Panchayat Union Middle  School Terraced Building South Side  Western Wing, Thirukkattalai 622303","1) Thirukattalai (R.V), Thirukattalai (P), Ward-2 Thirukattalai,2) Thirukattalai (R.V), Thirukattalai (P), Ward-2 Thirukattalai   Therkku,3) Thirukattalai (R.V), Thirukattalai (P), Ward-2 Thirukattalai   Merkku,4) Thirukattalai (R.V), Thirukattalai (P), Ward-2   Vendavayal,5) Thirukattalai (R.V), Thirukattalai (P), Ward-2   Sundaranayagipuram,6) Thirukattalai (R.V), Thirukattalai (P), Ward-2 Pilikundu Ulvai,",All Voter
4,182,4,"Panchayat Union Middle  School Terraced Building East Side, Thirukkattalai 622303","1) Thirukattalai (R.V), Thirukattalai (P), Ward-1 Melakollai,2) Thirukattalai (R.V), Thirukattalai (P), Ward-1 Semmanankundu,3) Thirukattalai (R.V), Thirukattalai (P), Ward-1 Thoppukollai,4) Thirukattalai (R.V), Thirukattalai (P), Ward-2 Thoppukollai Indiranagar Colony,5) Thirukattalai (R.V), Thirukattalai (P), Ward-1 Kottankadu,6) Thirukattalai (R.V), Thirukattalai (P), Ward-1 Mathadikollai,",All Voter
5,182,5,"Panchayat Union Elementary School, West Side  New Terraced Building, South Portion, Facing East, Thiruvarankulam 622303","1) Thiruvarankulam (R.V), Thiruvarankulam (P), Ward-1   Theathanpatti,2) Thiruvarankulam (R.V), Thiruvarankulam (P), Ward-1
Periyanayagipuram,3) Thiruvarankulam (R.V), Thiruvarankulam (P), Ward-1 Thoppukollai,4) Thiruvarankulam (R.V), Thiruvarankulam (P), Ward-1
Idaiyanvayal,",All Voter
6,182,6,"Panchayat Union Elementary School West Building, North Side, East Facing, Thiruvarankulam 622303","1) Thiruvarankulam (R.V), Thiruvarankulam (P), Ward-2 Thiruvarankulam,2) Thiruvarankulam (R.V), Thiruvarankulam (P), Ward-2 KVS.Nagar,3) Thiruvarankulam (R.V), Thiruvarankulam (P), Ward-2 Main Veethi,",All Voter
7,182,7,"Panchayat Union Elementary School,
D.P.E.P North Building, East Portion, South  Facing,, Thiruvarankulam 622303","1) Thiruvarankulam (R.V), Thiruvarankulam (P), Ward-2 Amman Theru,2) Thiruvarankulam (R.V), Thiruvarankulam (P), Ward-2 Therkku Theru,3) Thiruvarankulam (R.V), Thiruvarankulam (P), Ward-3 Kittakadu,",All Voter
8,182,8,"Government Higher Secondary School East Terraced Building North Side, Thiruvarankulam 622303","1) Thiruvarankulam (R.V), Veppankudi (P), Ward-2 Silon Agathigal Kudiyiruppu-1,",All Voter
9,182,9,"Government Higher Secondary School East Terraced Western  Building North Side  Facing East, Thiruvarankulam 622303","1) Thiruvarankulam (R.V), Thiruvarankulam (P), Ward-1 Nimbaneswaram,2) Thiruvarankulam (R.V), Veppankudi (P), Ward-2 Silon Agathigal Kudiyiuruppu-2,",All Voter
10,182,10,"Panchayat Union Middle  School, (D.P.E.P TERRACED BUILDING) SOUTH SIDE,
Manganampatti 622303","1) Manganampatti (R.V), Manganampatti (P), Ward-1 Manganampatti,",All Voter
11,182,11,"Panchayat Union Middle  School, North Portion, East Building, West Facing,, Manganampatti 622303","1) Manganampatti (R.V), Manganampatti (P), Ward-1 Bharathiyar Nagar,2) Manganampatti (R.V), Manganampatti (P), Ward-1 Vadakku Theru,3) Manganampatti (R.V), Manganampatti (P), Ward-1 MGR.Nagar,4) Manganampatti (R.V), Manganampatti (P), Ward-1 Konar  Theru,5) Manganampatti (R.V), Manganampatti (P), Ward-1 Kallupallam,6) Manganampatti (R.V), Manganampatti (P), Ward-1 Thoppukara  Theru,7) Manganampatti (R.V), Manganampatti (P), Ward-1 Kayampatti Main Road,",All Voter
12,182,12,"Panchayat Union Middle  School Terraced Building Facing South  Centre  Hall Room No.2, Veppangudi 622303","1) Veppankudi (R) Veppankudi (P), Ward-1 Chinnakunnathur,2) Veppankudi (R) Veppankudi (P), Ward-1 Porpanaikottai,3) Veppankudi (R) Veppankudi (P), Ward-1 Manakollaithoppu,4) Veppankudi (R) Veppankudi (P), Ward-1 Sevanthipatti,5) Veppankudi (R) Veppankudi (P), Ward-1 Vadakkupatti,",All Voter
13,182,13,"Panchayat Union Middle  School New Terraced Building Facing South Centre Hall Room No.3, Veppangudi 622303","1) Veppankudi (R) Veppankudi (P), Ward-1 Nadupatti,2) Immanampatti (R) Veppankudi (P), Ward-2 Therkku Immanampatti,3) Immanampatti (R) Veppankudi (P), Ward-4 Theathampatti,",All Voter
14,182,14,"Panchayat Union Middle  School, South Portion, West Facing, Veppangudi 622303","1) Veppankudi (R.V), Veppankudi (P), Ward-2 Melathoppu,2) Veppankudi (R.V), Veppankudi (P), Ward-2 Rasathoppu,3) Veppankudi (R.V), Veppankudi (P), Ward-2 Therkku Kallupallam,4) Veppankudi (R.V), Veppankudi (P), Ward-2 Keela Veppankudi,5) Veppankudi (R.V), Veppankudi (P), Ward-3 Mela  Veppankudi,6) Veppankudi (R.V), Veppankudi (P), Ward-3 Murugan Kovil Medu,",All Voter
15,182,15,Government Higher Secondary School South  Portion East Facing Building Manjanviduthy 622303,"1) Manjanviduthi (R.V), Manjanviduthi (P), Ward-1 Harijana  Colony,2) Manjanviduthi (R.V), Manjanviduthi (P), Ward-1 Keelappatti,3) Manjanviduthi (R.V), Manjanviduthi (P), Ward-1 Manjanviduthy,",All Voter
16,182,16,"Panchayat Union Elementary School (NORTH TERRACED BUILDING),
Malavarayanpatti 622303","1) Manjanviduthi (R.V), Manjanviduthi (P), Ward-2 Malavaranyanpatti,2) Manjanviduthi (R.V), Manjanviduthi (P), Ward-2 Keelapatti,3) Manjanviduthi (R.V), Manjanviduthi (P), Ward-2 Hairjana Colony,",All Voter
17,182,17,"Panchayat Union Elementary School (TILED BUILDING), South Facing,Vamban 622303","1) Manjanviduthi (R.V), Manjanviduthi (P), Ward-3 Pilapatti,2) Manjanviduthi (R.V), Manjanviduthi (P), Ward-3 Veeradipatti,3) Manjanviduthi (R.V), Manjanviduthi (P), Ward-3 Vamban,4) Manjanviduthi (R.V), Manjanviduthi (P), Ward-3 Pappanpatti Vamban 4 Road,",All Voter
18,182,18,"Panchayat Union Elementary School (D.P.E.P NEW BUILDING), Kaliyanipuram 622303","1) Kotthakottai (R.V), Kotthakottai (P), Ward-1 Vamban 4 Road,2) Kotthakottai (R.V), Kotthakottai (P), Ward-1   Kalyanipuram,3) Kotthakottai (R.V), Kotthakottai (P), Ward-1   Kotthakottai Vadakku,",All Voter
19,182,19,"Panchayat Union Elementary School (NEW TERRACED BUILDING),
Thoppupatti 622303","1) Kotthakottai (R.V), Kotthakottai (P), Ward-2 Kotthakottai,2) Kotthakottai (R.V), Kotthakottai (P), Ward-2 Vamban,3) Kotthakottai (R.V), Kotthakottai (P), Ward-2 Keela  kotthakottai,4) Kotthakottai (R.V), Kotthakottai (P), Ward-2 Periyanayagi Samudram,",All Voter
20,182,20,"Government High School, Terraced Middle  Building, Facing South, Kothakottai 622303","1) Kotthakottai (R.V), Kotthakottai (P), Ward-3 Thoppupatti Vadakku,2) Kotthakottai (R.V), Kotthakottai (P), Ward-3 Thoppupatti Therkku,",All Voter
21,182,21,"PUES (NEW TERRACED BUILDING)
Facing East ,Brakathambalpuram (Kothakottai) 622303","1) Kotthakottai (R.V), Kotthakottai (P), Ward-4 Bragathambalpuram,2) Kotthakottai (R.V), Kotthakottai (P), Ward-4   Ammaiyanpuram,",All Voter
22,182,22,"St.Joseph Primary SCHOOL (TERRACED BUILDING), South Facing, West Side Room, Mickelpatti (Kovilur) 622303","1) Kovilur (R.V), Kovilur (P), Ward-4 Maikkelpatti Vadakku,2) Kovilur (R.V), Kovilur (P), Ward-4 Maikkelpatti   Kilakku,3) Kovilur (R.V), Kovilur (P), Ward-4 Maikkelpatti Nadu Theru,4) Kovilur (R.V), Kovilur (P), Ward-4 Maikkelpatti Merkku Theru,5) Kovilur (R.V), Kovilur  (P), Ward-4 Maikkelpatti Therkku Theru,6) Kovilur (R.V), Kovilur (P), Ward-4   Harijana Theru,7) Kovilur (R.V), Kovilur (P), Ward-4 Manjan Kudiyiruppu,8) Kovilur (R.V), Kovilur (P), Ward-4 Thoongan Kudiyiuppu,",All Voter
23,182,23,"Panchayat Union Elementary School (WESTERN TERRACED BUILDING),
Kachiranpatti 622301","1) Kovilur (R.V), Kovilur (P), Ward-2 Katchiranpatti Vadakku,2) Kovilur (R.V), Kovilur (P), Ward-2 Katchiranpatti Therkku,3) Kovilur (R.V), Kovilur (P), Ward-2 Therkku Melakottai,4) Kovilur  (R.V), Kovilur (P), Ward-2 Sokkar Kudiyiruppu,5) Kovilur  (R.V), Kovilur (P), Ward-2 Melakottai Panaiyan Punjai,",All Voter
24,182,24,"Panchayat Union Elementary School (WESTERN TERRACED BUILDING),
Kachiranpatti 622301","1) Kovilur (R.V), Kovilur (P), Ward-3 Sambamanai Vadakku,2) Kovilur (R.V), Kovilur (P), Ward-3 Sambamanai Therkku,3) Kovilur (R.V), Kovilur (P), Ward-3 Therkku Melakottai Merkku,4) Kovilur (R.V), Kovilur (P), Ward-3 Therkku Meelakottai Kilakku,5) Kovilur (R.V), Kovilur (P), Ward-3 Therkku Melakottai Therkku,",All Voter
25,182,25,"Panchayat Union Elementary School (WESTERN TERRACED BUILDING),
Kovilur 622301","1) Kovilur Devasthanam (R.V), Kovilur (P), Ward-1   Kovilur Devasthanam,2) Kovilur (R.V), Kovilur (P), Ward-1 Harijana  Kudiyiruppu,3) Kovilur (R.V), Kovilur (P), Ward-1 Harijana Kudiyiruppu Therkku,",All Voter
26,182,26,"Panchayat Union Elementary School (EASTERN WINGTILED BUILDING)
Kovilur 622301","1) Kovilur (R.V), Kovilur (P), Ward-1   Melakottai Harijana Theru,2) Kovilur (R.V), Kovilur  (P), Ward-1   Melakottai Devar Kudiyiruppu,3) Kovilur  (R.V), Kovilur (P), Ward-1   Melakkottai Ambalakarar Kudiyiruppu,",All Voter
27,182,27,"Panchayat Union Elementary School, Tiled Building, Western Side, Facing East
, Thavalaipallam (Kulandai Vinayagar Kottai) 622301","1) Kulanthai Vinayagar  Kottai   (R.V), Kulanthai Vinayagar  Kottai (P), Ward-1 Thavalaipallam,2) Kulanthai Vinayagar Kottai   (R.V), Kulanthai Vinayagar Kottai (P), Ward-1 Fathima Nagar,3) Kulanthai Vinayagar Kottai   (R.V), Kulanthai Vinayagar Kottai (P), Ward-3 Urumanathapuram,4) Kulanthai Vinayagar  Kottai   (R.V), Kulanthai Vinayagar Kottai (P), Ward-2 Thathapatti,",All Voter
28,182,28,"Panchayat Union Elementary School New Terraced Building, Eastern Side, Facing North, Kulandai Vinayagar  Kottai 622301","1) Kulanthai Vinayagar  Kottai (R.V), Kulanthai Vinayagar Kottai (P), Ward-2 Arasadipatti 4 Road,2) Kulanthai Vinayagar Kottai (R.V), Kulanthai Vinayagar  Kottai (P), Ward-2 Kallar Theru,3) Kulanthai Vinayagar Kottai (R.V), Kulanthai Vinayagar  Kottai (P), Ward-2 Pallivasal Theru,4) Kulanthai Vinayagar  Kottai (R.V), Kulanthai Vinayagar Kottai (P), Ward-2 Arisana Palaiya  Kudiyiruppu,5) Kulanthai Vinayagar Kottai (R.V), Kulanthai Vinayagar  Kottai (P), Ward-2 Arisana Colony,6) Kulanthai Vinayagar Kottai (R.V), Kulanthai Vinayagar  Kottai (P), Ward-2 Pilapatti,",All Voter
29,182,29,"Saint Antoniyar  Middle  School New Terraced Building Western  Side  Facing South  , Arasadipatti 622301","1) Pudukkottaividuthi (R.V), Pudukkottaividuthi (P), Ward-4 Arasaradipatti,",All Voter
30,182,30,"Saint Antoniyar  Middle  School New
Terraced Building Eastern  Side  Facing South, Arasadipatti 622301","1) Pudukkottaividuthi (R.V), Pudukkottaividuthi (P), Ward-4
Soothiyanpatti,2) Pudukkottaividuthi (R.V), Pudukkottaividuthi (P), Ward-4 MGR Nagar,",All Voter
31,182,31,"Panchayat Union Middle  School, Western Side  Building, East Facing, Kummangulam 622301","1) Pudukkottaividuthi (R.V), Pudukkottaividuthi (P), Ward-3 Kummankulam Udayar Theru,",All Voter
32,182,32,"Panchayat Union Middle  School, North Facing Building, Kummangulam 622301","1) Pudukkottaividuthi (R.V), Pudukkottaividuthi (P), Ward-3 Vadakku Adi Dravidar Theru,2) Pudukkottaividuthi (R.V), Pudukkottaividuthi (P), Ward-3 Therkku Adi Dravidar Colony,",All Voter
33,182,33,"Panchayat Union Elementary School, New Terraced Building, Facing West
,Pudukkottaividuthy 622301","1) Pudukkottaividuthi (R.V), Pudukkottaividuthi (P), Ward-1 Keela  Theru,2) Pudukkottaividuthi (R.V), Pudukkottaividuthi (P), Ward-1 Meela Theru,3) Pudukkottaividuthi (R.V), Pudukkottaividuthi (P), Ward-1 Vadakku Theru,",All Voter
34,182,34,"Panchayat Union Elementary School (WESTERN SIDE TERRACED
BUILDING),Facing South ,Mela
Nemmakkottai 622301","1) Pudukkottaividuthi (R.V), Pudukkottaividuthi (P), Ward-2 Udaiyar Theru,2) Pudukkottaividuthi (R.V), Pudukkottaividuthi (P), Ward-2 Harijana Theru,3) Pudukkottaividuthi (R.V), Pudukkottaividuthi (P), Ward-2 Mela Nemmakottai,",All Voter
35,182,35,"Panchayat Union Elementary School (EASTERN SIDE TERRACED
BUILDING),Facing South Mela
Nemmakkottai 622301","1) Pudukkottaividuthi (R.V), Pudukkottaividuthi (P), Ward-2   Ganesh Nagar,2) Pudukkottaividuthi (R.V), Pudukkottaividuthi (P), Ward-2   Keela Nemmakottai,",All Voter
36,182,36,"Punitha  Arputha  Matha Middle  School, Western Terraced Building, Middle Portion  East Facing , Alangudi 622301","1) Aalngudi (R.V), Aalngudi (SP), Ward-13   Ramachandirapuram,2) Aalngudi (R.V), Aalngudi (SP), Ward-13 Gannagi Theru,3) Aalngudi (R.V), Aalngudi (SP), Ward-13 Gannagi Theru Virivakkam,",All Voter
37,182,37,"Punitha  Arputha  Matha Middle  School, Eastern Building North Portion West Facing , Alangudi 622301","1) Aalngudi (R.V), Aalngudi (SP), Ward-13,15 KVS.Nagar,2) Aalngudi (R.V), Aalngudi (SP), Ward-8 KVS Nagar Virivakkam,",All Voter
38,182,38,"Government BOYS HIGHER SECONDARY SCHOOL EASTERN SIDE TERRACED BUILDING SOUTHERN  PORTION  FACING WEST ROOM NO 1, Alangudi 622301","1) Alangudi (R.V), Alangudi (SP), Ward-1 Karambakudi Road (Gandhi Road),2) Alangudi (R.V), Alangudi (SP), Ward-4 Gandhi Road,3) Alangudi (R.V), Alangudi (SP), Ward-3 Office  Theru,4) Alangudi (R.V), Alangudi (SP), Ward-3 Police  Line  Theru,",All Voter
39,182,39,"Government BOYS HIGHER SECONDARY SCHOOL EASTERN SIDE TERRACED BUILDING SOUTHERN  PORTION  FACING WEST ROOM NO 3, Alangudi 622301","1) Aalngudi (R.V), Aalngudi (SP), Ward-2 Pallivasal Theru,2) Aalngudi (R.V), Aalngudi (SP), Ward-2 Rajaji Theru,3) Alangudi (R.V), Alangudi (SP), Ward-3 Nehru Theru,",All Voter
40,182,40,"Government BOYS HIGHER SECONDARY SCHOOL EAST TERRACED BUILDING NORTHERN PORTION FACING WEST
ROOM NO 4, Alangudi 622301","1) Aalngudi (R.V), Aalngudi (SP), Ward-6   Sunnambukara Santhu,2) Aalngudi (R.V), Aalngudi (SP), Ward-6    Keel Sunnambukara  Santhu,3) Aalngudi (R.V), Aalngudi (SP), Ward-5 Ambatkar Nagar Main Theru,4) Aalngudi (R.V), Aalngudi (SP), Ward-8 Alagiri Theru,",All Voter
41,182,41,"Government BOYS HIGHER SECONDARY SCHOOL EAST TERRACED BUILDING NORTHERN PORTION FACING WEST
ROOM NO 5, Alangudi 622301","1) Aalngudi (R.V), Aalngudi (SP), Ward-4 Nadiyammal Theru,2) Aalngudi (R.V), Aalngudi (SP), Ward-7 Thiruvalluvar Salai,3) Aalngudi (R.V), Aalngudi (SP), Ward-5 Ambatkar  Nagar Vadakku,4) Aalngudi (R.V), Aalngudi (SP), Ward-5 Ambatkar Nagar   Therkku,5) Alangudi (R.V), Alangudi (SP), Ward-3 Aringar Anna Theru,",All Voter
42,182,42,"Panchayat Union Elementary School Tiled Building Western Portion Facing South Building Santhaipettai, Santhaipettai, Alangudi 622301","1) Alangudi (R.V), Alangudi (SP), Ward-5 Kambar Theru,2) Aalngudi (R.V), Aalngudi (SP), Ward-12 Thaikkal Theru,3) Aalngudi (R.V), Aalngudi (SP), Ward-13 Thaikkal Theru Santhu,4) Aalngudi (R.V), Aalngudi (SP), Ward-12 Santhaipettai Theru,5) Aalngudi (R.V), Aalngudi (SP), Ward-13 Santhaipettai Theru Santhu,",All Voter
43,182,43,"Panchayat Union Elementary School Tiled Building Eastern Portion Facing South, Santhaipettai, Alangudi 622301","1) Aalngudi (R.V), Aalngudi (SP), Ward-6    Mela Sunnambukara  Santhu,2) Aalngudi (R.V), Aalngudi (SP), Ward-12 Jahir Usheen Theru Santhu,3) Aalngudi (R.V), Aalngudi (SP), Ward-12 Jahir Usheen Theru,",All Voter
44,182,44,"Government Girls Higher Secondary School, East Terraced Building Northern Portion, Facing West Room No.27, Alangudi 622301","1) Alangudi (R.V), Alangudi (SP), Ward-1 Andikulam Kilakku (Kummangulam Road),2) Alangudi (R.V), Alangudi (SP), Ward-1   Andikulam Merkku,3) Alangudi (R.V), Alangudi (SP), Ward-1 V.O.C Theru,",All Voter
45,182,45,"Government Girls Higher Secondary School, Terraced Building North Portion, Facing West Room No.30-31, Alangudi 622301","1) Aalngudi (R.V), Aalngudi (SP), Ward-2 Bharathidasan  Salai Santhu,2) Aalngudi (R.V), Aalngudi (SP), Ward-2 Padel Nagar,3) Aalngudi (R.V), Aalngudi (SP), Ward-2,3 Baharathidasan  Salai (Adanakottai Road),",All Voter
46,182,46,"Panchayat Union Middle  School New Terraced Building (92-93 Block) , Alangudi 622301","1) Aalngudi (R.V), Aalngudi (SP), Ward-8 Navalar Theru,2) Aalngudi (R.V), Aalngudi (SP), Ward-8 Periyar Theru,3) Aalngudi (R.V), Aalngudi (SP), Ward-10 Kalaingar Salai,4) Alangudi (R.V), Alangudi (SP), Ward-5 Therodum Keela Veethi,5) Aalngudi (R.V), Aalngudi (SP), Ward-10 kamarajar Theru,999) OVERSEAS ELECTORS",All Voter
47,182,47,"Panchayat Union Middle  School Tiled Building Facing North (92-93 Block), Alangudi 622301","1) Alangudi (R.V), Alangudi (SP), Ward-8   Anna  Nagar,2) Alangudi (R.V), Alangudi (SP), Ward-9   Therodum Therkku Veethi,3) Alangudi (R.V), Alangudi (SP), Ward-9 Sathiyamoorthi Nagar,4) Alangudi (R.V), Alangudi (SP), Ward-9 Therodum Mela Veethi,5) Alangudi (R.V), Alangudi (SP), Ward-9 Pathampatti,6) Alangudi (R.V), Alangudi (SP), Ward-9 R.S. Nagar,7) Alangudi (R.V), Alangudi (SP), Ward-9 Anna  Nagar  Virivakkam,8) Aalngudi (R.V), Aalngudi (SP), Ward-10 Indira Nagar,",All Voter
48,182,48,"Panchayat Union Elementary School SOUTH TILED BUILDING FACING WEST
NORTHERN PORTION, Kallalangudi 622301","1) Kallalankudi (R.V), Kallalankudi (P), Ward-2,4 Kalifulla Nagar Colony,2) Kallalankudi (R.V), Kallalankudi (P), Ward-4 Indira Nagar,3) Kallalankudi (R.V), Kallalankudi (P), Ward-2 Pagavathar  Colony Kilakku,4) Kallalankudi (R.V), Kallalankudi (P), Ward-3 Harijan  Colony,",All Voter
49,182,49,"Panchayat Union Elementary School East TerracedBUILDING FACING WEST
SOUTHERN  PORTION  Kallalangudi
622301","1) Kallalankudi (R.V), Kallalankudi (P), Ward-2,3 Therodum Mela Veethi,2) Kallalankudi (R.V), Kallalankudi (P), Ward-4 Nadesan Nagar,3) Kallalankudi (R.V), Kallalankudi (P), Ward-3,4 Thiruppathi Nagar,",All Voter
50,182,50,"Panchayat Union Elementary School (NORTH NEW TERRACED BUILDING),
Facing South, Kallalangudi 622301","1) Kallalankudi (R.V), Kallalankudi (P), Ward-2 Kattupatti,2) Kallalankudi (R.V), Kallalankudi (P), Ward-2 Nayakkar Kudiyiruppu,3) Kallalankudi (R.V), Kallalankudi (P), Ward-3 Kallalankudi,4) Kallalankudi (R.V), Kallalankudi (P), Ward-3 Keelapatti,5) Kallalankudi (R.V), Kallalankudi (P), Ward-2 Samburanpatti,",All Voter
51,182,51,"Panchayat Union Elementary School Tiled Building, Eastern side, Facing South, Kalifullah Nagar (Kallalangudi) 622301","1) Kallalankudi (R.V), Kallalankudi (P), Ward-1 Kalifull Nagar,2) Kallalankudi (R.V), Kallalankudi (P), Ward-1 Nettuthukkarai,3) Kallalankudi (R.V), Kallalankudi (P), Ward-1 Pagavathar  Colony Merkku,",All Voter
52,182,52,"Panchayat Union Elementary School, New Terraced Building, Southern Side, Facing East, Kalifullah Nagar (Kallalangudi) 622301","1) Kallalankudi (R.V), Kallalankudi (P), Ward-1,2 Bharathi Nagar,2) Kallalankudi (R.V), Kallalankudi (P), Ward-1,2,4 Kalifulla  Nagar  Virivakkam,",All Voter
53,182,53,"Panchayat Union Middle  School, New Terraced Building, East side, North Facing, Pachikkottai 622301","1) Pachikottai (R.V), Pachikottai (P), Ward-1 Solaikollai,2) Pachikottai (R.V), Pachikottai (P), Ward-1 Patchikkottai Keelapatti,3) Pachikottai (R.V), Pachikottai (P), Ward-1 Melapatti,",All Voter
54,182,54,"Panchayat Union Middle  School, New Terraced Building, West side, North Facing Pachikkottai 622301","1) Pachikottai (R.V), Pachikottai (P), Ward-1 Kandiyar Theru,2) Pachikottai (R.V), Pachikottai (P), Ward-1 Melakadu,3) Pachikottai (R.V), Pachikottai (P), Ward-1 Patchikkottai Adi Dravidar Colony,",All Voter
55,182,55,"Panchayat Union Middle  School NEW
TERRACED BUILDING, Pappanviduthy 622301","1) Pachikottai (R.V), Pachikottai (P), Ward-2 Pappanviduthi,2) Pachikottai (R.V), Pachikottai (P), Ward-2 Pappanviduthi Colony,",All Voter
56,182,56,"Panchayat Union Middle  School North Side  NEW TERRACED BUILDING
Pappanviduthy 622301","1) Pachikottai (R.V), Pachikottai (P), Ward-2 Manakollai,2) Pachikottai (R.V), Pachikottai (P), Ward-2 P.Kulavaipatti,3) Pachikottai (R.V), Pachikottai (P), Ward-2   Valakollai,",All Voter
57,182,57,"Panchayat Union Elementary School Terraced Building Facing East, Keelappatti Rasiyamangalam 622301","1) Keelapatti   Rasiyamangalam (R.V), Keelapatti   Rasiyamangalam (P), Ward-1 Keelapatti   Rasiyamangalam Vadakku Theru,",All Voter
58,182,58,"Panchayat Union Elementary School (TERRACED BUILDING) Facing West
,Keelappatti Rasiyamangalam 622301","1) Keelapatti   Rasiyamangalam (R.V), Keelapatti   Rasiyamangalam (P), Ward-2 Therkku Theru,2) Keelapatti   Rasiyamangalam (R.V), Keelapatti Rasiyamangalam (P), Ward-3 Sebasthiyar Kovil Theru,",All Voter
59,182,59,"Panchayat Union Elementary School (D.P.E.P TERRACED BUILDING), East
Side, West Facing, ,Melappatti Rasiyamangalam 622301","1) M.Rasiyamangalam (R.V), Pachikottai (P), Ward-3 Melapatti Rasiyamangalam,2) M.Rasiyamangalam (R.V), Pachikottai (P), Ward-3 Sarvothayapannai,3) M.Rasiyamangalam (R.V), Pachikottai (P), Ward-3 Megala Theater   Kudiyiruppu,4) Pachikottai   (R.V), Pachikottai (P), Ward-3 Sebasthiyarpuram Pappanvayal,5) M.Rasiyamangalam (R.V), Pachikottai (P), Ward-3 Ayyanarpuram,",All Voter
60,182,60,"Panchayat Union Middle  School Terraced Building, Nothern Portion, Facing East, Melathur 622301","1) Melathur  (R.V), Melathur (P), Ward-1   Melathur Vadakku Theru,2) Melathur (R.V), Melathur (P), Ward-1   Melathur,3) Melathur  (R.V), Melathur (P), Ward-3 Melathur Keela Theru,",All Voter
61,182,61,"Panchayat Union Middle  School Terraced Building, Southern  Portion, Facing West
,Melathur  622301","1) Melathur  (R.V), Melathur (P), Ward-1   Sikkapatti Vadakku,2) Melathur (R.V), Melathur  (P), Ward-2 Sikkapatti Therkku,3) Melathur (R.V), Melathur (P), Ward-3 Parapankadu,4) Melathur  (R.V), Melathur (P), Ward-3 Kadrampatti,5) Melathur  (R.V), Melathur (P), Ward-3 Nadupatti,",All Voter
62,182,62,"Panchayat Union Elementary School Terraced Building Facing South, , Sooranviduthy 622301","1) Sooranviduthi (R.V), Meelathur (P), Ward-4 Sooranviduthi Therkku Theru,2) Sooranviduthi (R.V), Meelathur (P), Ward-4 Sooranviduthi Vadakku Theru,",All Voter
63,182,63,"Panchayat Union Middle  School New Terraced Southern  Building, Eastern Portion, Facing North, Keelathur 622304","1) Keelathur (R.V), Keelathur (P), Ward-1,2,3 Kattiranpatti,2) Keelathur (R.V), Keelathur  (P), Ward-1,2,3   Kovilpatti,3) Keelathur (R.V), Keelathur (P), Ward-1,2,3   Samathuvapuram,4) Keelathur  (R.V), Keelathur (P), Ward-1,2,3 Valamangalam,5) Keelathur  (R.V), Keelathur (P), Ward-1,2,3 pudukudiyiruppu,6) Keelathur (R.V), Keelathur (P), Ward-1,2,3 Shanthi Nagar,",All Voter
64,182,64,"Panchayat Union Middle  School D.P.E.P. Building, Facing West, Keelathur 622304","1) Keelathur (R.V), Keelathur (P), Ward-1,2,3 Harijana  Kudiyiruppu,2) Keelathur (R.V), Keelathur  (P), Ward-1,2,3 Keelathur,3) Keelathur  (R.V), Keelathur (P), Ward-1,2,3 Jeeva Nagar,",All Voter
65,182,65,"Panchayat Union Elementary School, Tiled Building, North Side, Facing South, Vellakulam 622304","1) Keelathur (R.V) Keelathur  (P), Ward-1 Kallampatti,2) Keelathur  (R.V) Keelathur (P), Ward-1 Vellalakulam,3) Keelathur  (R.V) Keelathur  (P), Ward-1 Manapatti,4) Keelathur (R.V) Keelathur (P), Ward-1 Uthapatti,",All Voter
66,182,66,"Panchayat Union Elementary School (D.P.E.P NEW BUILDING), Vadakadu
(Servaikkaranpatti) 622304","1) Vadakadu (R.V), Vadakadu (P), Ward-4 Chetti Theru,2) Vadakadu (R.V), Vadakadu (P), Ward-4 Satthanpatti,3) Vadakadu (R.V), Vadakadu (P), Ward-4 Pilapunjai,4) Vadakadu (R.V), Vadakadu (P), Ward-4 Chetti Theru Poonaikuttipatti,",All Voter
67,182,67,"Panchayat Union Elementary School (D.P.E.P NEW BUILDING), Vadakadu
(Servaikkaranpatti) 622304","1) Vadakadu (R.V), Vadakadu (P), Ward-5 Paruthi Punjai,2) Vadakadu (R.V), Vadakadu (P), Ward-5 Koottampunjai,3) Vadakadu (R.V), Vadakadu (P), Ward-5 Servaikaranpatti,",All Voter
68,182,68,"Panchayat Union Elementary School, Tiled Building, North Portion, Facing West, Vadakadu (Therkkupatti) 622304","1) Vadakadu (R.V), Vadakadu (P), Ward-3 Pappamanai,2) Vadakadu (R.V), Vadakadu (P), Ward-3 Harijana Theru,",All Voter
69,182,69,"Panchayat Union Elementary School, Tiled Building, South  Portion, Facing West, Vadakadu (Therkkupatti) 622304","1) Vadakadu (R.V), Vadakadu (P), Ward-3 Therkkupatti,2) Vadakadu (R.V), Vadakadu (P), Ward-3 Vinayagampatti,3) Vadakadu (R.V), Vadakadu (P), Ward-3   Mankuttipatti,4) Vadakadu (R.V), Vadakadu (P), Ward-3 Main Road,5) Vadakadu (R.V), Vadakadu (P), Ward-3 Vadakku Harijana Theru,",All Voter
70,182,70,"Government Higher Secondary School Ground Floor Terraced North  Building Middle  Portion, Facing South Room No. 3
,Vadakadu 622304","1) Vadakadu (R.V), Vadakadu (P), Ward-1 Tholanpatti,2) Vadakadu (R.V), Vadakadu (P), Ward-1 Kurunthadipunjai,2) Vadakadu (R.V), Vadakadu (P), Ward-1 Poonaikuttipatti,",All Voter
71,182,71,"Government Higher Secondary School Terraced New west Building Northern Portion, facing East Ground Floor Room No. 6 Vadakadu 622304","1) Vadakadu (R.V), Vadakadu (P), Ward-1 Vadakkupatti,2) Vadakadu (R.V), Vadakadu (P), Ward-1   Kallilollai,3) Vadakadu (R.V), Vadakadu (P), Ward-1 Mmeela Idaiyar Theru,4) Vadakadu (R.V), Vadakadu (P), Ward-2 Keela Idayar Theru,",All Voter
72,182,72,"Government Higher Secondary School Terraced New East Building Northern Portion, facing South Ground Floor  Room No. 5 ,Vadakadu 622304","1) Vadakadu (R.V), Vadakadu (P), Ward-1 Sunthanpatti,2) Vadakadu (R.V), Vadakadu (P), Ward-1 Muslim Theru,3) Vadakadu (R.V), Vadakadu (P), Ward-1 Pallathividuthi,",All Voter
73,182,73,"Panchayat Union Elementary School Terraced Building East Side, Facing South  ,Vadakadu (Paramanpatti) 622304","1) Vadakadu (R.V), Vadakadu (P), Ward-2 Paraman Kudiyiruppu Thodakkappalli l Salai,2) Vadakadu (R.V), Vadakadu (P), Ward-2 Papper Mill Salai,3) Vadakadu (R.V), Vadakadu (P), Ward-2 Malligaipunjai,4) Vadakadu (R.V), Vadakadu (P), Ward-2 Pullachi Kudiyiruppu,",All Voter
74,182,74,Panchayat Union Elementary School Terraced Building East Facing Vadakadu (Paramanpatti) 622304,"1) Vadakadu (R.V), Vadakadu (P), Ward-2 Paraman Kudiyiruppu,",All Voter
75,182,75,Panchayat Union Elementary School Terraced New Building West Side  East Facing Mangadu 622304,"1) Mankadu (R.V), Mankadu (P), Ward-4 Harijana Colony,2) Mankadu (R.V), Mankadu (P), Ward-4 Saluvan Theru,3) Mankadu (R.V), Mankadu (P), Ward-4 Mankattan  Kollai,4) Mankadu (R.V), Mankadu (P), Ward-4 Sulliya  Theru,5) Mankadu (R.V), Mankadu (P), Ward-4 Illuppa  Punchai,",All Voter
76,182,76,"Panchayat Union Elementary School, Terraced D.P.E.P. Building, North  side, South  Facing,Mankadu (Manapunjai) 622304","1) Mankadu (R.V), Mankadu (P), Ward-3 Avaiyan Theru,2) Mankadu (R.V), Mankadu (P), Ward-3 Malavarayar Theru,3) Mankadu (R.V), Mankadu (P), Ward-3 Main Road,4) Mankadu (R.V), Mankadu (P), Ward-3 Vaniya  Theru,5) Mankadu (R.V), Mankadu (P) , Ward-3 Thadiyamanai,6) Mankadu (R.V), Mankadu (P), Ward-3 Patti Punjai,",All Voter
77,182,77,"Panchayat Union Elementary School Terraced Building West Side, Facing East Room No.1, Sundarakudiyiruppu (Mankadu) 622304","1) Mankadu (R.V), Mankadu (P), Ward-1 Adaikathan Kudiyiruppu,2) Mankadu (R.V), Mankadu (P), Ward-1 Periyakollai,3) Mankadu (R.V), Mankadu (P), Ward-1 Sundaran Kudiyiruppu,4) Mankadu (R.V), Mankadu (P), Ward-1 Usilankollai,",All Voter
78,182,78,"Panchayat Union Elementary School Terraced Building West Side, Facing East Room No.2, Sundarakudiyiruppu (Mankadu) 622304","1) Mankadu (R.V), Mankadu (P), Ward-2 Sombiya  Theru,2) Mankadu (R.V), Mankadu (P), Ward-2 Chettikollai,3) Mankadu (R.V), Mankadu (P), Ward-2 Chettiyar Theru,4) Mankadu (R.V), Mankadu (P), Ward-2 Manapunjai,",All Voter
79,182,79,"Panchayat Union Elementary School,
D.P.E.P. Terraced Building, , Mela Pullanviduthy 622304","1) Pullanviduthi (R.V), Pullanviduthi (P), Ward-4 Solla Theru,2)  Pullanviduthi (R.V), Pullanviduthi (P), Ward-4 Kenjan Theru,3) Pullanviduthi (R.V), Pullanviduthi (P), Ward-4 Nattar Theru,4) Pullanviduthi (R.V), Pullanviduthi (P), Ward-4 Parattaiyan   Theru,5) Pullanviduthi (R.V), Pullanviduthi (P), Ward-4 Melapullanviduthi,",All Voter
80,182,80,"Government High School (WEST TERRACED BUILDING), Pullanviduthy 622304","1) Pullanviduthi (R.V), Pullanviduthi (P), Ward-2,3 Harijana Colony,2) Pullanviduthi (R.V), Pullanviduthi (P), Ward-2,3 Seeriyar  Theru,3) Pullanviduthi (R.V), Pullanviduthi (P), Ward-1   Keelapullan Viduthi,",All Voter
81,182,81,Government High School (WEST TERRACED BUILDING) East Facing Room No. 5 Pullanviduthy 622304,"1) Pullanviduthi (R.V), Pullanviduthi (P), Ward-2,3 Vadakku Theru,2) Pullanviduthi (R.V), Pullanviduthi (P), Ward-2,3 Peyan  Theru,3) Pullanviduthi (R.V), Pullanviduthi (P), Ward-2,3 Perankollai,4) Pullanviduthi (R.V), Pullanviduthi (P), Ward-2,3 Kollankollai,",All Voter
82,182,82,"Panchayat Union Elementary School Terraced Building, Western Portion, Facing North, Pavalathalpuram (Neduvasal West)622304","1) Neduvasal Melpathi (R.V) Neduvasal Melpathi (P), Ward-1 Aranmanaithoppu,2) Neduvasal Melpathi (R.V) Neduvasal Melpathi (P), Ward-2 Pavalathalpuram,3) Neduvasal Melpathi (R.V) Neduvasal Melpathi (P), Ward-2 Konar Theru,4) Neduvasal Melpathi (R.V) Neduvasal Melpathi (P), Ward-3 Velar Theru,",All Voter
83,182,83,"Panchayat Union Elementary School TERRACED BUILDING, North Facing, West Side, Kuruvadi (Neduvasal West)622304","1) Neduvasal Melpathi (R.V) Neduvasal Melpathi (P), Ward-3 Vadakki Kadu,2) Neduvasal Melpathi (R.V) Neduvasal Melpathi (P), Ward-1 Kuruvadi,3) Neduvasal Melpathi (R.V) Neduvasal Melpathi (P), Ward-3 Aasari Theru,4) Neduvasal Melpathi (R.V) Neduvasal Melpathi (P), Ward-3 Maruthuvar Theru,",All Voter
84,182,84,"Government Higher Secondary School New Terraced Building East Portion  West Facing Room No.1, Neduvasal Keelpathi 622304","1) Neduvasal Keelpathi (R.V), Neduvasal Keelpathi (P), Ward-4 Mela Theru,2) Neduvasal Keelpathi (R.V), Neduvasal Keelpathi (P), Ward-4 Nadu Theru,",All Voter
85,182,85,"Government Higher Secondary School New Terraced Building East Portion  West Facing Middle  Room, Neduvasal Keelpathi 622304","1) Neduvasal Keelpathi (R.V), Neduvasal Keelpathi (P), Ward-2 South Theru,2) Neduvasal Keelpathi (R.V), Neduvasal Keelpathi (P), Ward-2 Anna Nagar,3) Neduvasal Keelpathi (R.V), Neduvasal Keelpathi (P), Ward-2 Pudu Nagar,",All Voter
86,182,86,"Government Higher Secondary School New Terraced Building East Portion  West Facing Room No.3, Neduvasal Keelpathi 622304","1) Neduvasal Keelpathi   (R.V), Neduvasal Keelpathi (P), Ward-1 Seruvaviduthi Salai,2) Neduvasal Keelpathi   (R.V), Neduvasal Keelpathi (P), Ward-1 Ambatgar  Theru,3) Neduvasal Keelpathi   (R.V), Neduvasal Keelpathi (P), Ward-1 Kilakku THeru,4) Neduvasal Keelpathi   (R.V), Neduvasal Keelpathi (P), Ward-3 Vadakku Theru,",All Voter
87,182,87,"Panchayat Union Elementary School (WEST NEW TERRACED BUILDING),
West Facing, Lakshmi Narasimma Puram 622304","1) Anavayal II Bit (R.V), Lakshmi Narasimmapuram (P), Ward-8 Karunkan Theru Therkku,2) Anavayal II Bit (R.V), Lakshmi Narasimmapuram (P), Ward-8 Valluvar Theru,3) Anavayal II Bit (R.V), Lakshmi Narasimmapuram (P), Ward-8 Karunkan Theru Vadakku,4) Anavayal II Bit (R.V), Lakshmi Narasimmapuram (P), Ward-8 Vathangan Theru,5) Anavayal II Bit (R.V), Lakshmi Narasimmapuram (P), Ward-8 Pachikottayan  Theru,6) Anavayal II Bit (R.V), Lakshmi Narasimmapuram (P), Ward-8 Koothadi Theru,7) Anavayal II Bit (R.V), Lakshmi Narasimmapuram (P), Ward-8 Poosari Theru,8) Anavayal II Bit (R.V), Lakshmi Narasimmapuram (P), Ward-8 Kulakaran Theru,9) Anavayal II Bit (R.V), Lakshmi Narasimmapuram (P), Ward-8   Thoppukollai,10) Anavayal II Bit (R.V), Lakshmi Narasimmapuram (P), Ward-8 Seeriyar  Theru,11) Anavayal II  Bit (R.V), Lakshmi Narasimmapuram (P), Ward-8 Senkollai Vadakku Theru,12) Anavayal II Bit (R.V), Lakshmi Narasimmapuram (P), Ward-8 Senkollai Therkku Theru,",All Voter
88,182,88,"Panchayat Union Elementary School, SSA New Terraced Eastern Building, South Portion, West Facing, Thadiyamanai 622304","1) Anavayal I Bit (R.V), Lakshmi Narachimmapuram (P), Ward-5 Santhaipettai Theru,2) Anavayal I Bit (R.V), Lakshmi Narachimmapuram (P), Ward-5 Chettiyar Theru,3) Anavayal I  Bit (R.V), Lakshmi Narachimmapuram (P), Ward-5 Rajaji Theru,4) Anavayal I Bit (R.V), Lakshmi  Narachimmapuram (P), Ward-5 Anavayal 1 Bit Thadiyamanai,5) Anavayal I Bit (R.V), Lakshmi Narachimmapuram (P), Ward-6 Chettiyendal Thadiyamanai,6) Andavarayapuram (R.V), Lakshmi Narachimmapuram (P), Ward-7 Andavarayapuram,7) Andavarayapuram (R.V), Lakshmi Narachimmapuram (P), Ward-7 Nemmakollai,8) Andavarayapuram (R.V), Lakshmi Narachimmapuram (P), Ward-7 Nemmakollai   Therkku,",All Voter
89,182,89,"Government Higher Secondary School (East TERRACED BUILDING), SOUTHERN
PORTION, FACING West , Lakshmi Narasimma Puram 622304","1) Lakshmi Narasimmapuram (R.V), Lakshmi Narasimmapuram (P), Ward-1 Jeeva  Nagar,2) Lakshmi Narasimmapuram (R.V), Lakshmi Narasimmapuram (P), Ward-1 Jeva  Nagar Therkku,3) Lakshmi Narasimmapuram (R.V), Lakshmi Narasimmapuram (P), Ward-1   Ambatkar Nagar,4) Lakshmi Narasimmapuram (R.V), Lakshmi Narasimmapuram (P), Ward-1   Vathangan Theru Kilakku,5) Lakshmi Narasimmapuram (R.V), Lakshmi Narasimmapuram (P), Ward-1   Vathangan Theru,6) Lakshmi Narasimmapuram (R.V), Lakshmi Narasimmapuram (P), Ward-1 Pachikottaiyan Theru,7) Lakshmi Narasimmapuram (R.V), Lakshmi Narasimmapuram (P), Ward-1 Pachikottaiyan Theru Vadakku,",All Voter
90,182,90,"Government Higher Secondary School East BUILDING, North PORTION FACING
West, Lakshmi Narasimma Puram 622304","1) Lakshmi Narasimmapuram (R.V), Lakshmi Narasimmapuram (P), Ward-2 Koothadi Theru,2) Lakshmi Narasimmapuram (R.V), Lakshmi Narasimmapuram (P), Ward-2 Chettioyar Theru,3) Lakshmi Narasimmapuram (R.V), Lakshmi Narasimmapuram (P), Ward-2 Main Road,4) Lakshmi Narasimmapuram (R.V), Lakshmi Narasimmapuram (P), Ward-2 Patti Punjai,",All Voter
91,182,91,"Panchayat Union Elementary School (TERRACED BUILDING), North  Facing,
West Portion, Pulichankadu 622304","1) Pulichankadu (R.V), Lakshmi Narachimmapuram (P), Ward-4 Patti Punjai,2) Pulichankadu (R.V), Lakshmi Narachimmapuram (P), Ward-4 Pulichankadu,3) Pulichankadu (R.V), Lakshmi Narachimmapuram (P), Ward-4 Pudukkottai Salai,4) Pulichankadu (R.V), Lakshmi Narachimmapuram (P), Ward-4 Aranthangi Salai,5) Pulichankadu (R.V), Lakshmi Narachimmapuram (P), Ward-4 Peravurani Salai,6) Pulichankadu (R.V), Lakshmi Narachimmapuram (P), Ward-4 Anna  Nagar,7) Pulichankadu (R.V), Lakshmi Narachimmapuram (P), Ward-4 Sukkiran Theru,",All Voter
92,182,92,"Panchayat Union Elementary School New Terraced Building South Side  Facing North, Karambakkadu Inam 614624","1) Seriyaloor Inam (P), Ward-1 Karambakadu Inam,2) Seriyaloor Inam (P), Ward-1 Muslim KUdiyeruppu,3) Seriyaloor Inam (P), Ward-2 Karambakadu Jameen,",All Voter
93,182,93,"Panchayat Union Middle  School Terraced Building, Golden Jubliee  Building, Western Side  Facing East , Seriyalur Jamin 614624","1) Seriyaloor Jamin  (R.V), Seriyaloor Jamin(P), Ward-2 Seriyaloor Jamin Keelakudiyiruppu,2) Seriyaloor Jamin (R.V), Seriyaloor Jamin(P), Ward-2 Harijana Theru,3) Seriyaloor Jamin (R.V), Seriyaloor Jamin(P), Ward-2 Mela Kudiyeruppu Theru,4) Seriyaloor Jamin (R.V), Seriyaloor Jamin(P), Ward-2 Therkku Kudiyiruppu,",All Voter
94,182,94,"Panchayat Union Middle  School South Portion  Terraced Building, Facing North
,Seriyalur Jamin 614624","1) Seriyaloor Inam (R.V), Seriyaloor Inam (P), Ward-1 Velar, Ambalakarar Kudiyiruppu,2) Seriyaloor Inam (R.V), Seriyaloor Inam (P), Ward-1 Ambalakarar Kudiyiruppu,3) Seriyaloor Inam (R.V), Seriyaloor Inam (P), Ward-1   Therkku Kudiyiruppu,",All Voter
95,182,95,"Government Boys Higher Secondary School, New Terraced West Side  Building, Southern Portion, Facing East
,Keeramangalam 614624","1) Keeramangalam North  (R.V), Keeramangalam (TP), Ward-3 Aranmanai Kollai,2) Keeramangalam North  (R.V), Keeramangalam (TP), Ward-4 Saraboji Theru,3) Keeramangalam North (R.V), Keeramangalam (TP), Ward-3 Therkku Theru,4) Keeramangalam North  (R.V), Keeramangalam (TP), Ward-3 Bharathi Theru,",All Voter
96,182,96,"Government Boys Higher Secondary School, New Terraced West Side  Building, Middle  Portion  Facing East
,Keeramangalam 614624","1) Keeramangalam North  (R.V), Keeramangalam (TP), Ward-3 Thiruvalluvar Theru,2) Keeramangalam North (R.V), Keeramangalam (TP), Ward-4 Kumaran Salai,3) Keeramangalam North  (R.V), Keeramangalam (TP),  Ward-3 Vadakki Kadu,4) Keeramangalam North  (R.V), Keeramangalam (TP), Ward-3 Rajaji Theru,",All Voter
97,182,97,"Panchayat Union Middle  School D.P.E.P (TERRACED BUILDING),South  Facing,
East Portion, Kasimpudupetti (Keeramangalam) 614624","1) Keeramangalam North  (R.V), Keeramangalam (TP), Ward-1 Kittuvai Theru,2) Keeramangalam North (R.V), Keeramangalam (TP), Ward-1 Muslim Theru,3) Keeramangalam North (R.V), Keeramangalam (TP), Ward-1 Pallivasal Theru,4) Keeramangalam North (R.V), Keeramangalam (TP), Ward-1 Kataponnam Theru,5) Keeramangalam North (R.V), Keeramangalam (TP), Ward-1 Arunachaladevar Theru,",All Voter
98,182,98,"Government Boy Higher Secondary School, New Terraced Building, Northern Portion, Facing East, Keeramangalam 614624","1) Keeramangalam North  (R.V), Keeramangalam (TP), Ward-2 Chittathikadu Salai,2) Keeramangalam North  (R.V), Keeramangalam (TP), Ward-4 Merpanaikadu Salai,3) Keeramangalam North  (R.V), Keeramangalam (TP), Ward-4 Neruji Thidal,4) Keeramangalam North  (R.V), Keeramangalam (TP), Ward-11,12 Pattukottai, Aranthangi Salai,5) Keeramangalam North (R.V), Keeramangalam (TP), Ward-4 VOC.Theru,",All Voter
99,182,99,"Panchayat Union Elementary School, Terraced Building, West Side, Facing North, Keeramangalam North  614624","1) Keeramangalam North  (R.V), Keeramangalam (TP), Ward-12 Narikuravar Colony,2) Keeramangalam North  (R.V), Keeramangalam (TP), Ward-1 Anna Nagar,3) Keeramangalam North (R.V), Keeramangalam (TP), Ward-5 Kailasam Theru,",All Voter
100,182,100,"Panchayat Union Elementary School, Terraced Building Eastern  Side, Facing North , Keeramangalam North  614624","1) Keeramangalam North  (R.V), Keeramangalam (TP), Ward-5 Darmar Koil Theru,2) Keeramangalam North (R.V), Keeramangalam (TP), Ward-5 Gandhiji Theru,",All Voter
101,182,101,"Panchayat Union Elementary School Tiled Building, North Side, Facing South , Melakadu Keeramangalam West 614624","1) Keeramangalam South  (R.V), Keeramangalam South  (TP), Ward-9 Pattukottai main Road,2) Keeramangalam South  (R.V), Keeramangalam South  (TP), Ward-10 Sathyamoorthy Road,",All Voter
102,182,102,"Panchayat Union Elementary School New Terraced Building South Side, Facing East, Melakadu Keeramangalam West 614624","1) Keeramangalam South  (R.V), Keeramangalam South  (TP), Ward-9 Kamarajar Salai,2) Keeramangalam South (R.V), Keeramangalam South (TP), Ward-11 V.O.C.Salai,",All Voter
103,182,103,"Panchayat Union Elementary School (TILED BUILDING), South Facing, Kodikkarambai (Keeramangalam) 614624","1) Keeramangalam   South  (R.V), Keeramangalam   South (SP), Ward-7 Kodikarambai Road,",All Voter
104,182,104,"Panchayat Union Elementary School (TILED BUILDING), North Facing Kodikkarambai (Keeramangalam) 614624","1) Keeramangalam   South  (R.V), Keeramangalam   South (SP), Ward-6 Aladikollai,2) Keeramangalam   South  (R.V), Keeramangalam   South  (SP), Ward-6,7 V.O.C.Salai,",All Voter
105,182,105,"Panchayat Union Elementary School, Terraced Bld., South  Facing, Nagaram
614624","1) Nagaram (R.V), Nagaram (P), Ward-1 Vadakku Veethi,2) Nagaram (R.V), Nagaram (P), Ward-1 Therkku Veethi,",All Voter
106,182,106,"Government High School , Nabard West Building, Ground Floor, Middle  Portion, Facing East, Senthankudi 614624","1) Senthankudi (R.V), Senthankudi (P), Ward-1 Therkku Kudiyiruppu,2) Senthankudi (R.V), Senthankudi (P), Ward-1   Merkku Kudiyiruppu,3) Senthankudi (R.V), Senthankudi (P), Ward-1   Adidiravidar Kudiyiruppu,",All Voter
107,182,107,"Government High School, Nabard West Building, Ground Floor, South  Portion, Facing East, Senthankudi 614624","1) Senthankudi (R.V), Senthankudi (P), Ward-1   Senthankudi Kilakku Kudiyiruppu,2) Senthankudi (R.V), Senthankudi (P), Ward-1 Vadakku Kudiyiruppu,",All Voter
108,182,108,"Government Boys Higher Secondary School South Terraced Building North Facing ,Kothamangalam 614624","1) Kothamangalam (R.V), Kothamangalam (P), Ward-5 Vettikadu,2) Kothamangalam (R.V), Kothamangalam (P), Ward-5 Paluvan Theru,",All Voter
109,182,109,"Government Boys Higher Secondary School New Terraced Building Northern Side  Middle  Portion Facing South, Kothamangalam 614624","1) Kothamangalam (R.V), Kothamangalam (P), Ward-5 Vellaiyamorthy,2) Kothamangalam (R.V), Kothamangalam (P), Ward-5 Nanam periyan Theru Merkku,",All Voter
110,182,110,"Panchayat Union Elementary School, Terraced Building, West Portion, Southern Facing ,Sankarankudiyiruppu (Kothamangalam East) 614624","1) Kothamangalam (R.V), Kothamangalam (P), Ward-1 Petthankollai Sankaran  Theru,2) Kothamangalam (R.V), Kothamangalam (P), Ward-1 Keela  kongan Theru,3) Kothamangalam (R.V), Kothamangalam (P), Ward-1 Vadakku Koonery Theru,4) Kothamangalam (R.V), Kothamangalam (P), Ward-1 Therkku Koonery Theru,5) Kothamangalam (R.V), Kothamangalam (P), Ward-1 Ayyanar, Ambetgar  Nagar,6) Kothamangalam (R.V), Kothamangalam (P), Ward-1 Mela Kongan  Theru,",All Voter
111,182,111,"Panchayat Union Elementary School Northern New Terraced Building,Facing South, ,Kothamangalam Centre  614624","1) Kothamangalam (R.V), Kothamangalam (P), Ward-2 Maruthan Kudiyiruppu,2) Kothamangalam (R.V), Kothamangalam (P), Ward-2 Koonery Kudiyiruppu,3) Kothamangalam (R.V), Kothamangalam (P), Ward-2 Nanan Piriyan Kudiyiruppu,4) Kothamangalam (R.V) Kothamangalam (P), Ward-2 Koolachikollai,5) Kothamangalam (R.V) Kothamangalam (P), Ward-4 Chetti Theru,",All Voter
112,182,112,"Panchayat Union Elementary School Southern New Terraced Building, West side, Facing North, Kothamangalam Centre- 614624","1) Kothamangalam (R.V), Kothamangalam (P), Ward-3 Kodiya kudiyiruppu,2) Kothamangalam (R.V), Kothamangalam (P), Ward-3 Kongan Theru,3) Kothamangalam (R.V), Kothamangalam (P), Ward-3 Koolachikollai Kilakku,4) Kothamangalam (R.V) Kothamangalam (P), Ward-3 Kotthamangalam Centre,",All Voter
113,182,113,"Panchayat Union Elementary School (TILED BUILDING), South Facing, Sundangivalasai 614624","1) Kothamangalam (R.V) Kothamangalam (P), Ward-1 Sundangivalasai,2) Kothamangalam (R.V), Kothamangalam (P), Ward-3 Sndangivalasai,",All Voter
114,182,114,"PUES , South  Tiled Building, East Side, North Facing, Manavalan  Nagar (Kothamangalam), 614624","1) Kothamangalam North (R.V), Kothamangalam (P), Ward-6 Kattaperiyan Theru,2) Kothamangalam North (R.V), Kothamangalam (P), Ward-6 Manavalan Theru,",All Voter
115,182,115,"PUES, South  Tiled Building, West Side, North Facing, Manavalan  Nagar (Kothamangalam) 614624","1) Kothamangalam North (R.V), Kothamangalam (P), Ward-6 Meenankollai,2) Kothamangalam North  (R.V), Kothamangalam (P), Ward-6 Pilakollai,3) Kothamangalam North (R.V), Kothamangalam (P), Ward-8 Ambetkar Nagar,4) Kothamangalam North  (R.V), Kothamangalam (P), Ward-8 Panasakadu,",All Voter
116,182,116,"Panchayat Union Elementary School, Terraced Building, East Facing, North Side, Chidambaraviduthy (Kothamangalam) 614624","1) Kothamangalam (R.V), Kothamangalam (P), Ward-7 Chidambaraviduthi,2) Kothamangalam (R.V), Kothamangalam (P), Ward-7 Otthankollai,3) Kothamangalam (R.V), Kothamangalam (P), Ward-7 Vellaiyamorthy Theru,",All Voter
117,182,117,"Panchayat Union Elementary School Facing South  Terraced Building , Alangadu 622301","1) Alankadu (R.V), Alankadu (P), Ward-1 Keelapatti,2) Alankadu (R.V), Alankadu (P), Ward-1 Adidiravidar  Colony,3) Alankadu (R.V), Alankadu (P), Ward-1 Thondaiman Kudiyiruppu,4) Alankadu (R.V), Alankadu (P), Ward-2 Irunkulavan Kudiyiruppu,5) Alankadu (R.V), Alankadu (P), Ward-2 Therkkupatti,6) Alankadu (R.V), Alankadu (P), Ward-2 Melapatti,7) Alankadu (R.V), Alankadu (P), Ward-2 Uthapatti Adidiravidar Colony,",All Voter
118,182,118,Panchayat Union Elementary School East side  North  Facing New Terraced Building Pallathividuthy 622301,"1) Pallathividuthi (R.V), Pallathividuthi (P), Ward-1 Adidiravidar Kudiyiruppu,2) Pallathividuthi (R.V), Pallathividuthi (P), Ward-1 Vadukkupatti,3) Pallathividuthi (R.V), Pallathividuthi (P), Ward-1 Nadupatti,",All Voter
119,182,119,"PUES, Facing North, West Terreced Building, Pallathividuthy 622301","1) Pallathividuthi (R.V), Pallathividuthi (P), Ward-2 Therkkupatti,2) Pallathividuthi (R.V), Pallathividuthi (P), Ward-2 Mayeladi kudiyiruppu,3) Pallathividuthi (R.V), Pallathividuthi (P), Ward-2 Vaguthandi kudiyiruppu,",All Voter
120,182,120,"Panchayat Union Elementary School Terraced New Building, Facing South, Mela Karumbirankottai 622301","1) Pallathividuthy (R.V), Karumpirankottai (P), Ward-1 Keelakarumbirankottai,2) Pallathividuthy (R.V), Karumpirankottai (P), Ward-
1   Adidiravidal Colony,3) Pallathividuthy (R.V), Karumpirankottai (P), Ward-1 Vandayar Theru,4) Pallathividuthy (R.V), Karumpirankottai (P), Ward-2 Meelakarumbirankottai,",All Voter
121,182,121,"Panchayat Union Elementary School Facing South  Terraced West Side Building, Vanniyanviduthy 614622","1) Araiyapatti (R.V), Araiyapatti (P), Ward-1 Thondaiman Kudiyeruppu,2) Araiyapatti (R.V), Araiyapatti (P), Ward-1 Vanniyan viduthi,3) Araiyapatti (R.V), Araiyapatti (P), Ward-2 Mariyamman Kovil Theru,",All Voter
122,182,122,"Panchayat Union Elementary School Facing East Side  Terraced Building, South  Facing, Vanniyanviduthy 614622","1) Araiyapatti (R.V), Araiyapatti (P), Ward-1 Theethan Kudiyeruppu,2) Araiyapatti (R.V), Araiyapatti (P), Ward-2 Melathoppu,3) Araiyapatti (R.V), Araiyapatti (P), Ward-2 Surenthiriyam,",All Voter
123,182,123,"Panchayat Union Elementary School (WEST TERRACED BUILDING), Facing
South, Araiyapatti 614622","1) Araiyapatti (R.V), Araiyapatti (P), Ward-3 M.Arayappatti Harijana  Co Kaduvarikudi,2) Araiyapatti (R.V), Araiyapatti (P), Ward-3 Keela Araiyapatti,",All Voter
124,182,124,"Panchayat Union Elementary School (EAST TILED BUILDING), Facing South,
Araiyapatti 614622","1) Araiyapatti (R.V), Araiyapatti (P), Ward-3 Vellalakollai,2) Araiyapatti (R.V), Araiyapatti (P), Ward-3 Therkku Araiyapatti,",All Voter
125,182,125,"Panchayat Union Middle  School North Terraced Main Building Facing East, Pathampatti 622301","1) Pathampatti (R.V), Pathampatti (P), Ward-1 Manjadi Theru,2) Pathampatti (R.V), Pathampatti (P), Ward-1 Vadakku Patthampatti,",All Voter
126,182,126,"Panchayat Union Middle  School South Terraced Building South Portion Facing East, Pathampatti 622301","1) Pathampatti (R.V), Pathampatti (P), Ward-1 Pallikkoodatheru,2) Pathampatti (R.V), Pathampatti (P), Ward-2 Vidankan Thoppu,3) Pathampatti (R.V), Pathampatti (P), Ward-3 Therkku Patthampatti,",All Voter
127,182,127,"GOVERNMENT AIDED ELEMENTARY SCHOOL (TILED BUILDING), Facing
West, Kuppakudi 622301","1) Kuppakudi (P), Ward-1   Ayeepatti,2) Kuppakudi (P), Ward-1 Mangalapuram,3) Kuppakudi (P), Ward-1   Meenatchipuram,4) Kuppakudi (P), Ward-1   Moottanpatti,5) Kuppakudi (P), Ward-1 Kuppakudi,",All Voter
128,182,128,"GOVERNMENT AIDED ELEMENTARY SCHOOL (NEW TERRACED BUILDING),
Facing North, Kuppakudi 622301","1) Kuppakudi (R.V), Kuppakudi (P), Ward-2 Harijana  Colony,2) Kuppakudi (R.V), Kuppakudi (P), Ward-2 Boomankollai,3) Kuppakudi (R.V), Kuppakudi (P), Ward-2 Mottama Kollai,4) Kuppakudi (R.V), Kuppakudi (P), Ward-2 Pottathi Kollai,5) Kuppakudi (R.V), Kuppakudi (P), Ward-2 Karunkali Kollai,6) Kuppakudi (R.V), Kuppakudi (P), Ward-2 Rengasumudram,7) Kuppakudi (R.V), Kuppakudi (P), Ward-2 Pullan  Thoppu,",All Voter
129,182,129,"Panchayat Union Middle  School, SSA Building Southern  Side, Facing East, Kalyanapuram 622301","1) Kuppakudi (R.V), Kuppakudi (P), Ward-3 Kalyanapuram,2) Kuppakudi (R.V), Kuppakudi (P), Ward-4 Thoppukollai,",All Voter
130,182,130,"GOVERNMENT AIDED ELEMENTARY SCHOOL (EASTERN WINGTILED
BUILDING), Facing South, KoolaiyanKadu
622201","1) Vennavalkudi (R.V), Vennavalkudi (P), Ward-1 Koolaiyankadu,",All Voter
131,182,131,"Panchayat Union Elementary School, North Facing , South Terraced Building Mayiladikadu 622201","1) Vennavalkudi (R.V), Vennavalkudi (P), Ward-1 Soothiyankadu,2) Vennavalkudi (R.V), Vennavalkudi (P), Ward-1 Mayeladi Kadu,",All Voter
132,182,132,"Anganwadi Centre, West Facing Building
,KoolaiyanKadu(vennavalkudi) 622201","1) Vennavalkudi (R.V), Vennavalkudi (P), Ward-2 Karuvan Kudiyeruppu,2) Vennavalkudi (R.V), Vennavalkudi (P), Ward-2 Kurunthadimanai,3) Vennavalkudi (R.V), Vennavalkudi (P), Ward-2 Thenikadu,4) Vennavalkudi (R.V), Vennavalkudi (P), Ward-2 Pasuvayal,",All Voter
133,182,133,"Government Higher Secondary School WESTERN BUILDING FACING EAST
ROOM NO.11, Vennavalkudi 622201","1) Vennavalkudi (R.V), Vennavalkudi (P), Ward-4 Vadakku Agrakaram,2) Vennavalkudi (R.V), Vennavalkudi (P), Ward-4 Soriyan  Thoppu,3) Vennavalkudi (R.V), Vennavalkudi (P), Ward-4 Vengidakulam,4) Vennavalkudi (R.V), Vennavalkudi (P), Ward-4 Vallikadu,5) Vennavalkudi (R.V), Vennavalkudi (P), Ward-4 Mathavadikadu,",All Voter
134,182,134,"Government Higher Secondary School (SOUTHERN SIDE BUILDING) , North
Side, South  Facing, Vennavalkudi 622201","1) Vennavalkudi (R.V), Vennavalkudi (P), Ward-4   Therkku Akraharam,2) Vennavalkudi (R.V), Vennavalkudi (P), Ward-4 Ramachandirapuram,3) Vennavalkudi (R.V), Vennavalkudi (P), Ward-4 Mela  thiran kudiyiruppu,4) Vennavalkudi (R.V), Vennavalkudi (P), Ward-4   Anguranpatti,5) Vennavalkudi (R.V), Vennavalkudi (P), Ward-4 Kotthakottaiyar kudiyiruppu,",All Voter
135,182,135,"Panchayat Union Elementary School, Terraced Building, , Vennavalkudi 622201","1) Vennavalkudi   (R.V), Vennavalkudi (P), Vennavalkudi,2) Vennavalkudi (R.V), Vennavalkudi (P), Harijana Colony,3) Vennavalkudi   (R.V), Vennavalkudi (P), Thanchan korapatthai,",All Voter
136,182,136,"ST Joseph HIGHER SECONDARY SCHOOL (EAST TERRACE BUILDING
ROOM NO 8), Vengidakulam 622303","1) Vengidakulam (R.V), Vengidakulam (P), Nadupaguthi,2) Vengidakulam (R.V), Vengidakulam (P), Kammakarai Irakkam,3) Vengidakulam (R.V), Vengidakulam (P), Therkku theru Merkku,4) Vengidakulam (R.V), Vengidakulam (P), Therkku Theru Kilakku,5) Vengidakulam (R.V), Vengidakulam (P), Therkku Theru,6) Vengidakulam (R.V), Vengidakulam (P), Ayyanar Kovil Vadakku Theru,7) Vengidakulam (R.V), Vengidakulam (P), Valacheripatti Killakku,8) Vengidakulam (R.V), Vengidakulam (P), Valacheripatti Merkku,9) Vengidakulam (R.V), Vengidakulam (P), Valacheripatti   Colony,10) Vengidakulam (R.V), Vengidakulam (P), Santhaipettai Theru,",All Voter
137,182,137,"ST Joseph HIGHER SECONDARY SCHOOL (West TERRACE BUILDING East
Facing ROOM NO 10), Vengidakulam 622303","1) Vengidakulam (R.V), Vengidakulam (P), Ward-2 Nanthavanam Vadakku,2) Vengidakulam (R.V), Vengidakulam (P), Ward-2 Nanthavanam Therkku,3) Vengidakulam (R.V), Vengidakulam (P), Ward-2   Keela theru Therkku,4) Vengidakulam (R.V), Vengidakulam (P), Ward-2   Keela theru Vadakku,5) Vengidakulam (R.V), Vengidakulam (P), Ward-2   Vadakku Theru,6) Vengidakulam (R.V), Vengidakulam (P), Ward-2    Vengidakulam,7) Vengidakulam (R.V), Vengidakulam (P), Ward-2    Melatheru,8) Vengidakulam (R.V), Vengidakulam (P), Ward-2   Vengidakulam Nadupathi,9) Vengidakulam (R.V), Vengidakulam (P), Ward-2   Hrijana theru Merkku,10) Vengidakulam (R.V), Vengidakulam (P), Ward-2   Hrijana theru Kilakku,",All Voter
138,182,138,"Public Library South  Building, North Facing, Thetchinapuram 622303","1) Thetchinapuram (R.V), Thetchinapuram (P), Ward--2 Kadaiyan Thoppu Vadakku,2) Thetchinapuram (R.V), Thetchinapuram (P), Ward--Kadaiyan Thoppu Therkku,3) Thetchinapuram (R.V), Thetchinapuram (P), Ward--2 Kadaiyan Thoppu Colony,4) Thetchinapuram (R.V), Thetchinapuram (P), Ward--2 Shanmuganathapuram,5) Thetchinapuram (R.V), Thetchinapuram (P), Ward--2 Shanmuganathapuram Therkku,6) Thetchinapuram (R.V), Thetchinapuram (P), Ward--2 Mudukkupunjai Vadakku,7) Thetchinapuram (R.V), Thetchinapuram (P), Ward--2 Mudukkupunjai,8) Thetchinapuram (R.V), Thetchinapuram (P), Ward--2 Mudukkupunjai Kilakku,9) Thetchinapuram (R.V), Thetchinapuram (P), Ward--2 Mudukkupunjai Merkku,10) Thetchinapuram (R.V), Thetchinapuram (P), Ward--2 Avudayarpatti,11) Thetchinapuram (R.V), Thetchinapuram (P), Ward--2 Iruthayapuram,12) Thetchinapuram (R.V), Thetchinapuram (P), Ward--2 Iruthayapuram Therkku,13) Thetchinapuram (R.V), Thetchinapuram (P), Ward--2   Iruthayapuram Vadakku,",All Voter
139,182,139,"Panchayat Union Elementary School North Terraced Building, South Facing, Dhetchinapuram 622303","1) Thetchinapuram (R.V), Thetchinapuram (P), Ward-1 Vadakku Theru,2) Thetchinapuram (R.V), Thetchinapuram (P), Ward-1 Meelatheru,3) Thetchinapuram (R.V), Thetchinapuram (P), Ward-1 Keelatheru,4) Thetchinapuram (R.V), Thetchinapuram (P), Ward-1 Harijana Theru,5) Thetchinapuram (R.V), Thetchinapuram (P), Ward-1 Therkku Theru,6) Thetchinapuram (R.V), Thetchinapuram (P), Ward-1 Aasari Theru,",All Voter
140,182,140,"RAMA VEERAPPAN  RAJAMMAL
Panchayat Union Elementary School, NORTH TERRACED BUILDING,
Vallathirakottai 622303","1) Vallathirakottai   (R.V), Vallathirakottai (P), Ward-1 Kannan  Theru,2) Vallathirakottai   (R.V), Vallathirakottai (P), Ward-1 Muthuraja Theru,3) Vallathirakottai   (R.V), Vallathirakottai (P), Ward-1 Dharmar Salai,4) Vallathirakottai   (R.V), Vallathirakottai (P), Ward-1 Beeman  Salai,5) Vallathirakottai   (R.V), Vallathirakottai (P), Ward-1 Arjunan Salai,6) Vallathirakottai   (R.V), Vallathirakottai (P), Ward-1 Thiruvupathiyamman Salai,7) Vallathirakottai   (R.V), Vallathirakottai (P), Ward-1 Dharmar Kovil Theru,8) Vallathirakottai   (R.V), Vallathirakottai (P), Ward-1 Kunthidevi Salai,9) Vallathirakottai   (R.V), Vallathirakottai (P), Ward-2 Sagadevan Salai,10) Vallathirakottai   (R.V), Vallathirakottai (P), Ward-2 Anbetgar Nagar,",All Voter
141,182,141,"RAMA VEERAPPAN  RAJAMMAL
Panchayat Union Elementary School, SOUTH TERRACED BUILDING,
Vallathirakottai 622303","1) Vallathirakottai   (R.V), Vallathirakottai (P), Ward-2,3 Nagulan  Salai,2) Vallathirakottai   (R.V), Vallathirakottai (P), Ward-3 Ramachandirapuram,3) Vallathirakottai (R.V), Vallathirakottai (P), Ward-3 Karnan  Theru,4) Vallathirakottai (R.V), Vallathirakottai (P), Ward-Thuronar Theru,5) Vallathirakottai (R.V), Vallathirakottai (P), Ward-3 Beshmar Theru,6) Vallathirakottai (R.V), Vallathirakottai (P), Ward-3 Ithaya Theru,7) Vallathirakottai (R.V), Vallathirakottai (P), Ward-3 Aranthangi Salai,8) Vallathirakottai (R.V), Vallathirakottai (P), Ward-3 Veerapathran Salai,9) Vallathirakottai (R.V), Vallathirakottai (P), Ward-3 Muneswarar Salai,10) Vallathirakottai (R.V), Vallathirakottai (P), Ward-3 Kaliyammal Theru,11) Vallathirakottai (R.V), Vallathirakottai (P), Ward-3 Karuppar Valamburi Vinayagar  Theru,",All Voter
142,182,142,"Panchayat Union Middle  School Northern Side  New Terraced Building, Facing West, Poovarasakudi 622303","1) Poovarasakudi   (R.V), Poovarasakudi (P), Ward-2,3 Poomathanpatti,2) Poovarasakudi   (R.V), Poovarasakudi (P), Ward-2,3 Sathirapatti,3) Poovarasakudi   (R.V), Poovarasakudi (P), Ward-2,3 Senthiraipatti,4) Poovarasakudi   (R.V), Poovarasakudi (P), Ward-2,3 Poovarasakudi,5) Poovarasakudi   (R.V), Poovarasakudi (P), Ward-2,3 Velar Theru,",All Voter
143,182,143,"Panchayat Union Middle  School, Eastern Side,Terraced Building, Facing South, Poovarasakudi 622303","1) Poovarasakudi (R.V), Poovarasakudi (P), Ward-1,4 Kittakadu,2) Poovarasakudi (R.V), Poovarasakudi (P), Ward-1,4 Alagambalpuram,3) Poovarasakudi (R.V), Poovarasakudi (P), Ward-1,4 Subbammalpatti,4) Poovarasakudi (R.V), Poovarasakudi (P), Ward-1,4 Pirakasapuram,5) Poovarasakudi (R.V), Poovarasakudi (P), Ward-1,4 Aasari Theru,6) Poovarasakudi (R.V), Poovarasakudi (P), Ward-1,4 Ganesh Nagar,",All Voter
144,182,144,"Panchayat Union Middle  School (TILED BUILDING), Kaikuruchi 622303","1) Vijayaregunathapuram (R.V), Kaikuruchi (P), Ward-3 Alagambalpuram,2) Vijayaregunathapuram (R.V), Kaikuruchi (P), Ward-2 Poomathanpatti,3) Vijayaregunathapuram (R.V), Kaikuruchi (P), Ward-3 Vijayaregunathapuram Kallar Theru,4) Vijayaregunathapuram (R.V), Kaikuruchi (P), Ward-3 Vijayaregunathapuram Harijana Theru,5) Vijayaregunathapuram (R.V), Kaikuruchi (P), Ward-3 Kaikuruchi,6) Vijayaregunathapuram (R.V), Kaikuruchi (P), Ward-4 Kaikuruchi Harijana Theru,7) Vijayaregunathapuram (R.V), Kaikuruchi (P), Ward-4 Thatchan Vayal,8) Kaikuruchi (R.V), Kaikuruchi (P), Ward-2 Mootthanakuruchi,",All Voter
145,182,145,"Panchayat Union Middle  School, Tiled Building, Northern  Side, Facing East, Kaikuruchi 622303","1) Kaikuruchi (R.V), Kaikuruchi (P), Ward-1 Velar Theru,2) Kaikuruchi (R.V), Kaikuruchi (P), Ward-1 Kaikuruchi Kallar  Theru,3) Kaikuruchi (R.V), Kaikuruchi (P), Ward-1 Harijana Theru,4) Kaikuruchi (R.V), Kaikuruchi (P), Ward-2 Thoppukollai,5) Kaikuruchi (R.V), Kaikuruchi (P), Ward-2 Pappa Vayal,6) Kaikuruchi (R.V), Kaikuruchi (P), Ward-2 Alagambalpuram,",All Voter
146,182,146,"Panchayat Union Elementary School (NORTH TERRACED BUILDING),
Vandakottai 622303","1) Vandakottai (R.V), Vandakottai (P), Ward-1 Vandakottai,2) Vandakottai (R.V), Vandakottai (P), Ward-2 Adidiravitar Theru,3) Vandakottai (R.V), Vandakottai (P), Ward-2 Ottankarachipatti,4) Vandakottai (R.V), Vandakottai (P), Ward-2 Thiruvudaiyarpatti,999) OVERSEAS  ELECTORS",All Voter
147,182,147,"Panchayat Union Elementary School (TERRACED BUILDING), Maniambalam 622303","1) Maniyambalam (R.V), Maniyambalam (P), Ward-1 Maniyambalam Ambetkar Nagar,2) Maniyambalam (R.V), Maniyambalam (P), Ward-1 Keela Senthirai,3) Maniyambalam (R.V), Maniyambalam (P), Ward-2 Mela Senthirai,",All Voter
148,182,148,"Panchayat Union Elementary School (TERRACED BUILDING), Palakudipatti 622303","1) Kalankudi (R.V), Kalankudi (P), Ward-1 Kalangudi Adidiravidar Theru,2) Kalankudi (R.V), Kalankudi (P), Ward-1 Kalangudi Konar Theru,3)  Kalankudi (R.V), Kalankudi (P), Ward-1 Pillaiyar Kovil Theru.,4) Kalankudi (R.V), Kalankudi (P), Ward-1 Sarukkupala Veethi,5) Kalankudi (R.V), Kalankudi (P), Ward-1,2 Palakudipatti,6) Kalankudi (R.V), Kalankudi (P), Ward-2 Kalathumedu,7) Kalankudi (R.V), Kalankudi (P), Ward-2 Kinginipatti Pallikooda Salai,8) Kalankudi (R.V), Kalankudi (P), Ward-2 Thiruvudayarpatti Salai,9) Kalankudi (R.V), Kalankudi (P), Ward-1 Kinkinippatti Adi Dravidar Colony,",All Voter
149,182,149,"Panchayat Union Middle  School, SOUTHERN  SIDE, TERRACED BUILDING
NORTH FACING, Kathakuruchi 622303","1) Kathakuruchi (R.V), Kathakuruchi (P), Ward-2 Katthakuruchi Colony,2) Kathakuruchi (R.V), Kathakuruchi (P), Ward-2 Katthakuruchi Vadakku,3) Kathakuruchi (R.V), Kathakuruchi (P), Ward-2 Katthakuruchi Therukku,4) Nambukuli (R.V), Katthakuruchi (P), Ward-1 Nambukuli,5) Nambukuli (R.V), Katthakuruchi (P), Ward-1 Nambukuli Colony,6) Nambukuli (R.V), Katthakuruchi (P), Ward-1 Mudukku Punjai,",All Voter
150,182,150,"Panchayat Union Primary School, South PortionTerraced Building, North Facing, Periyanayagipuram 622303","1) Kanniyapatti (R.V), Kathakuruchi (P), Ward-1 Madathupatti,2) Kanniyapatti (R.V), Kathakuruchi (P), Ward-1 Avudaiyapatti,3) Kanniyapatti (R.V), Katthakuruchi (P), Ward-1 Periyanayagipuram,4) Koodalur  (R.V), Kathakuruchi (P), Ward-1 Koodalur,",All Voter
151,182,151,"Panchayat Union ElementarySchool, South  Portion North Facing Buliding, S.Kuavaipatti 622201","1) S.Kulavaippatti (R.V), S.Kulavaippatti (P), Ward-1 Idayar Natham,2) S.Kulavaippatti (R.V), S.Kulavaippatti (P), Ward-2 Kulavaippatti Muhamathiayar Natham,3) S.Kulavaippatti (R.V), S.Kulavaippatti (P), Ward-3 Adeswarankovil Natham,4) S.Kulavaippatti (R.V), S.Kulavaippatti (P),
Ward-2 Kalaivanar Theru,5) S.Kulavaippatti (R.V), S.Kulavaippatti (P), Ward-2 Kallar Natham,6) S.Kulavaippatti (R.V), S.Kulavaippatti (P), Ward-1 Kulavaipatti Harijana Colony,7) S.Kulavaippatti (R.V), S.Kulavaippatti (P), Ward-1 Kuravar Natham,",All Voter
152,182,152,"Panchayat Union Elementary School Terraced Building Facing West , Muthupattinam 622201","1) S.Kulavaippatti (R.V), S.Kulavaippatti (P), Ward-1 Mela  Kulavaippatti Natham,2) Muthupattinam (R.V), S.Kulavaippatti (P), Ward-3 Muthupattinam Muhamathiayar Harijana Colony,3) Muthupattinam (R.V), S.Kulavaippatti (P), Ward-3 Muthupattinam,",All Voter
153,182,153,"Panchayat Union Elementary School, Terraced Building, East facing,, Palaiyur 622201","1) Palaiyur (R.V) Palaiyur  (P), Ward-2 Balan Nagar,2) Palaiyur (R.V) Palaiyur (P), Ward-2 Kalinkipatti,3) Palaiyur (R.V) Palaiyur (P), Ward-2 Patcheri,4) Palaiyur (R.V) Palaiyur  (P), Ward-2 Palangarai,5) Palaiyur (R.V) Palaiyur  (P), Ward-2 Palaiyur,6) Palaiyur (R.V) Palaiyur  (P), Ward-1 Kamarajapuram Colony,",All Voter
154,182,154,"Panchayat Union Elementary School, Terraced Building South Facing, Pommanathapuram Palaiyur 622201","1) Palaiyur (R.V) Palaiyur  (P), Ward-1 Pommanathapuram,2) Malakudi (R.V), Palaiyur (P), Ward-3 Kandakudipatti,3) Malakudi (R.V), Palaiyur (P), Ward-3 Malakudi,4) Malakudi (R.V), Palaiyur (P), Ward-3 Seeradum Selvi,",All Voter
155,182,155,"Panchayat Union Elementary School, Terraced Building, , Senthakudi 622201","1) Senthakudi   (R.V), Senthakudi (P), Ward-3 KovilpattiKallarIdayar Krishthu Natham,2) Senthakudi   (R.V), Senthakudi (P), Ward-3 Senthavayal,3) Senthakudi   (R.V), Senthakudi (P), Ward-3 Therkku Senthakudi,4) Senthakudi   (R.V), Senthakudi (P), Ward-3 Senthavayal Pallar  Natham,5) Senthakudi   (R.V), Senthakudi (P), Ward-3 Senthakudi Kallar Natham,6) Senthakudi   (R.V), Senthakudi (P), Ward-3 Harjana Colony,7) Senthakudi   (R.V), Senthakudi (P), Ward-3 Idyar Natham,8) Senthakudi   (R.V), Senthakudi (P), Ward-3 Pallar Natham,",All Voter
156,182,156,"Panchayat Union Middle  School (TERRACED BUILDING), Isugupatti (Kothamangalam) 622201","1) Kothamangalam (R.V), Palaiyur (P), Ward-4 Kothamangalam Vadakku,2) Kothamangalam (R.V), Palaiyur (P), Ward-4   Kothamangalam South,",All Voter
157,182,157,Panchayat Union Elementary School (TERRACED BUILDING) Isugupatti 622201,"1) Isugupatti (R.V), Isugupatti (P), Ward-1 Nagarethina Pallam,2) Isugupatti (R.V), Isugupatti (P), Ward-2 Sembadavayal,3) Isugupatti (R.V), Isugupatti (P), Ward-2 Isugupatti,4) Isugupatti (R.V), Isugupatti (P), Ward-3 Kovil Vasal,5) Isugupatti (R.V), Isugupatti (P), Ward-3 Isugupatti Colony,6) Isugupatti (R.V), Isugupatti (P), Ward-3 Indranagar Colony,",All Voter
158,182,158,"Government High School EAST SIDE New Terraced BUILDING, North Facing Keelaiyur 622201","1) Keelaiyur (R.V), Senthakudi (P), Ward-2 Pandaranattham,2) Keelaiyur (R.V), Senthakudi (P), Ward-2 Vadakkipatti,3) Keelaiyur  (R.V), Senthakudi (P), Ward-2 Vadakkipatti Harijana  Colony,4) Keelaiyur (R.V), Senthakudi (P), Ward-2 Idaiyar  Natham,5) Keelaiyur  (R.V), Senthakudi (P), Ward-2 Moondrukudipatti Therkku Vadakku,6) Keelaiyur (R.V), Senthakudi (P), Ward-2 Therkupatti Harijan  colony,7) Keelaiyur (R.V), Senthakudi (P), Ward-2 Therkkupatti,",All Voter
159,182,159,"Panchayat Union Elementary School , Terraced Building, East Side, South Facing, Vellakkollai 622201","1) Keelairyur  (R.V), Senthakudi (P), Ward-1 Udaiyar  Theru,2) Keelairyur (R.V), Senthakudi (P), Ward-1 Harijana Colony,3) Keelairyur (R.V), Senthakudi (P), Ward-1   Ambalakara  Theru,4) Keelairyur (R.V), Senthakudi (P), Ward-2 Vadakkipatti,5) Keelairyur (R.V), Senthakudi (P), Ward-2 Pandaranattham,",All Voter
160,182,160,"Panchayat Union Elementary School, West Terraced Building, East Facing, Kulamangalam North 614624","1) Kulamangalam North (R.V), Kulamangalam North(P), Ward- 2 Therkku UrSalai Koppiyan Theru,2) Kulamangalam North (R.V), Kulamangalam North(P), Ward-2 Kopiyan Theru,3) Kulamangalam North  (R.V), Kulamangalam North(P), Ward- Pethanperiyan Theru,4) Kulamangalam North (R.V), Kulamangalam North(P), Ward-2 Koothan Theru,5) Kulamangalam North (R.V), Kulamangalam North(P), Ward-2 Thondaiman Kilakku,6) Kulamangalam North  (R.V), Kulamangalam North(P), Ward-2 Kothamangalam Inaippu Salai,7) Kulamangalam North (R.V), Kulamangalam North(P), Ward-2 Karuvan Ananthalai theru,8) Kulamangalam North (R.V), Kulamangalam North(P), Ward-2 Pallikondan Theru,9) Kulamangalam North  (R.V), Kulamangalam North(P), Ward-2 Udappan Anandali,10) Kulamangalam North (R.V), Kulamangalam North(P), Ward-2 Kulamangalam Therkku Inaippu Salai,11) Kulamangalam North (R.V), Kulamangalam North(P), Ward-2 Thirunalur Salai,",All Voter
161,182,161,"Panchayat Union Elementary School, Terraced Building, Western Portion, Facing South, Kulamangalam North 614624","1) Kulamangalam North (R.V), Kulamangalam North (P), Ward-1 Paladipunjai,2) Kulamangalam North (R.V), Kulamangalam North (P), Ward-1 Koppiyan,3) Kulamangalam North  (R.V), Kulamangalam North  (P), Ward-1 thiruvalluvar Nagar,4) Kulamangalam North (R.V), Kulamangalam North (P), Ward-1 Anna Nagar,5) Kulamangalam North  (R.V), Kulamangalam North  (P), Ward-1 Palli Kondan,",All Voter
162,182,162,"Panchayat Union Elementary School Terrace  Building, Eastern  Portion, Facing South, , Kulamangalam North 614624","1) Kulamangalam North (R.V), Kulamangalam North (P), Ward-1Manankatthan,2) Kulamangalam North  (R.V), Kulamangalam North (P), Ward-3 Kootthan Theru,3) Kulamangalam North  (R.V), Kulamangalam North (P), Ward-3 Thondaiman Therkku Theru,4) Kulamangalam North (R.V), Kulamangalam North (P), Ward-3 Thondaiman Vadakku Theru,5) Kulamangalam North (R.V), Kulamangalam North (P), Ward-3 Karuvan Palli Kondan,6) Kulamangalam North (R.V), Kulamangalam North (P), Ward-3 kootthan  Thondaiman,",All Voter
163,182,163,"Panchayat Union Elementary School, SSA Terraced East Building, North Portion, Facing West, Kulamangalam South 614624","1) Kulamangalam South  (R.V), Kulamangalam South  (P), Ward-1 Karuvan Kudiyiruppu,2) Kulamangalam South  (R.V), Kulamangalam South  (P), Ward-1 Thekkadi Punjai,3) Kulamangalam South  (R.V), Kulamangalam South  (P), Ward-1 Alanthari Punjai,4) Kulamangalam South (R.V), Kulamangalam South  (P), Ward-1 Koppiyan Kudiyiruppu,5) Kulamangalam South  (R.V), Kulamangalam South  (P), Ward-1 Koliyan Chokkanachi Kudiyiruppu,",All Voter
164,182,164,"Panchayat Union Elementary School, East Side  Building, Southern Portion, Facing West,, Kulamangalam 614624","1) Kulamangalam South  (R.V), Kulamangalam South  (P), Ward-2 Ananthali,2) Kulamangalam South  (R.V), Kulamangalam South  (P), Ward-2 Palli kondan,3) Kulamangalam South  (R.V), Kulamangalam South  (P), Ward-2 Karuvan Theru,4) Kulamangalam South  (R.V), Kulamangalam South  (P), Ward-2 Koppiyan Theru,5) Kulamangalam South  (R.V), Kulamangalam South  (P), Ward-2 Veeradi Valasai,6) Kulamangalam South  (R.V), Kulamangalam South  (P), Ward-2 Kali Kudiyiruppu,7) Kulamangalam South (R.V), Kulamangalam South  (P), Ward-2 Koliyan Theru,8) Kulamangalam South  (R.V), Kulamangalam South  (P), Ward-2   Koppiyan Kilakku,9) Kulamangalam South  (R.V), Kulamangalam South  (P), Ward-2 Pookara Theru,10) Kulamangalam South  (R.V), Kulamangalam South  (P), Ward-2 Athidiravidar Theru,11) Kulamangalam South  (R.V), Kulamangalam South (P), Ward-2   Chetti Kollai,12) Kulamangalam South  (R.V), Kulamangalam South  (P), Ward-2 Panaiyan Theru,",All Voter
165,182,165,"Panchayat Union Middle  School Tiled Building, West Portion, Facing South,
,Panangulam North  614624","1) Panankulam (R.V), Panankulam (P), Ward-2 Vadakki Kudiyiruppu,2) Panankulam (R.V), Panankulam (P), Ward-2 Harijan  Kudiyiruppu,3) Panankulam (R.V), Panankulam (P), Ward-2 Keela  Kudiyiruppu,",All Voter
166,182,166,"Panchayat Union Middle  School Terraced Building, West Facing, West Side Building, North Side  Room, Panangulam North 614624","1) Panankulam (R.V), Panankulam (P), Ward-1,2   Malavarayan  Kudiyiruppu,",All Voter
167,182,167,"Panchayat Union Elementary School, South  Facing, East Portion, North Side Building, ,Panangulam South  614624","1) Panankulam (R.V), Panankulam (P), Ward-1,3 Therkku Kudiyiruppu,",All Voter
168,182,168,"Panchayat Union Middle  School New Western Terraced Building Facing South, Paravakottai 614622","1) Paravakottai   (R.V), Paravakottai (P), Ward-1 Kallar kudiyiruppu,2) Paravakottai   (R.V), Paravakottai (P), ward-1,2 Kollar kudiyiruppu,3) Paravakottai   (R.V), Paravakottai (P), ward-2 Maniyakaran Kudiyiruppu,4) Paravakottai   (R.V), Paravakottai (P), ward-3 Vettukaran Kudiyiruppu,5) Paravakottai   (R.V), Paravakottai (P), ward-3 Kulatthu Kudiyiruppu,",All Voter
169,182,169,"Panchayat Union Elementary School, Western Tiled Bilding, Southern  Portion, Facing East, Maramadakki 614616","1) Maramadakki (R.V), Maramadakki (P), Ward-1 Vatthiran  Kudiyiruppu,2) Maramadakki (R.V), Maramadakki (P), Ward-1 Kuralan Kudiyiruppu,",All Voter
170,182,170,"Panchayat Union Elementary School, Western Tiled Building, Northern  Portion, Facing East, Maramadakki 614616","1) Maramadakki (R.V), Maramadakki (P), Ward-1 Sevidan  Kudiyiruppu,2) Maramadakki (R.V), Maramadakki (P), Ward-1 Serivaikaran Kudiyiruppu,3) Maramadakki (R.V), Maramadakki (P), Ward-2 Valakkollai,4) Maramadakki (R.V), Maramadakki (P), Ward-2 Adi Dravidar Theru,",All Voter
171,182,171,"Government Higher Secondary School, South  Facing North Building, West Portion, Maramadakki .622201","1) Maramadakki (R.V), Maramadakki (P), Ward-1 Keelakudiyiruppu,",All Voter
172,182,172,"Panchayat Union Elementary School
D.P.E.P BUILDING NORTH PORTION,
Maramadakki .622201","1) Maramadakki (R.V), Maramadakki (P), Ward-1   Chinnamundan kudiyiruppu,",All Voter
173,182,173,"Panchayat Union Middle  School, Northwest Terraced Building, West Portion, South Facing, Thirunalur North 614624","1) Thirunalur (R.V), Thirunalur (P), Ward-1 Kattaiyan Kudiyeruppu,2) Thirunalur (R.V), Thirunalur (P), Ward-1 Vettikadu,",All Voter
174,182,174,"Panchayat Union Middle  School, Northwest Terraced Building, East Portion, South Facing Thirunalur North 614624","1) Thirunalur (R.V), Thirunalur (P), Ward-2 Kasiya Kudiyeruppu,2) Thirunalur (R.V), Thirunalur (P), Ward-2 Ilappakollai,3) Thirunalur (R.V), Thirunalur (P), Ward-3 Keela kudiyeruppu,",All Voter
175,182,175,"Panchayat Union Elementary School,
D.P.E.P TERRACED BUILDING
,Thirunalur south  614624","1) Thirunalur (R.V), Thirunalur (P), Ward-3 Kallukollai,2) Thirunalur (R.V), Thirunalur (P), Ward-3   akrakaram,",All Voter
176,182,176,"Panchayat Union Elementary School, East Terraced Building, , Thirunalur South  614624","1) Thirunalur (R.V), Thirunalur (P), Ward-5 Monthaiyan Kudiyiruppu,2) Thirunalur (R.V), Thirunalur (P), Ward-5 Chithudaiyan Kudiyeruppu,",All Voter
177,182,177,"Mahakavi Barathiyar Century Memorial Panchayat Union Elementary School, Vembankudi Merkku - 614624","1) Vembankudi (R.V),   Vembankudi West (P), Ward-1 Chetti theru,",All Voter
178,182,178,"Panchayat Union Elementary School (New Buiding), Vembankudi Kilakku - 614624","1) Vembankudi (R.V), Veppankudi Kilakku (P), Ward-1 Devar Kudieruppu,2) Vembankudi (R.V), Veppankudi Kilakku (P), Ward-2 Athidiravidar Kudieruppu,3) Vembankudi (R.V), Veppankudi Kilakku (P), Ward-2 Ealumankollai,",All Voter
179,182,179,"Panchayat Union Elementary School, Tiled Building West Portion Facing south, Merpanaikadu Vadakku - 614624","1) Merpanaikadu (R.V), Merpanaikadu (P), Ward-1 Vadakkikadu,",All Voter
180,182,180,"Panchayat Union Elementary School, East Terraced Building East Portion Facing South, Merpanaikadu Vadakku - 614624","1) Merpanaikadu (R.V), Merpanaikadu (P), Ward-1 Kurunji nagar,2) Merpanaikadu (R.V), Merpanaikadu (P), Ward-1 Sundan Kudiyiruppu,",All Voter
181,182,181,"Panchayat Union Elementary School East Side  Terraced Building, Eastern Portion,South  Facing , Merpanaikadu Vadakku - 614624","1) Merpanaikadu (R.V), Merpanaikadu (P), Ward-4 Melakadu,",All Voter
182,182,182,"Panchayat Union Middle  School, Merpanaikadu Kilakku - 614624","1) Merpanaikadu (R.V), Merpanaikadu (P), Ward-2 Indiranagar,2) Merpanaikadu (R.V), Merpanaikadu (P), Ward-2 Parangiyan kudiyiruppu,",All Voter
183,182,183,"Panchayat Union Middle  School (New Building) East Facing, Third Room, Merpanaikadu Kilakku - 614624","1) Merpanaikadu (R.V), Merpanaikadu (P), Ward-2 Keelakadu,",All Voter
184,182,184,"Panchayat Union Elementary School, Eastern Side  Tiled Building, Facing South, Merpanaikadu Merkku - 614624","1) Merpanaikadu (R.V), Merpanaikadu (P), Ward-5 Muslim theru,",All Voter
185,182,185,"Panchayat Union Elementary School, West Side  Tiled Building, Facing South, Merpanaikadu Merkku - 614624","1) Merpanaikadu (R.V), Merpanaikadu (P), ward-3 Karuvan Kudiyiruppu,2) Merpanaikadu (R.V), Merpanaikadu (P), Ward-3 Kuthan Kudiyiruppu,3) Merpanaikadu (R.V), Merpanaikadu (P), Ward-5 Muslim theru,4) Merpanaikadu (R.V), Merpanaikadu (P), Ward-5 Muslim theru-2,",All Voter
186,182,186,"Panchayat Union Elementary School South  Facing, Merpanaikadu Therkku - 614624","1) Merpanaikadu (R.V), Merpanaikadu (P), Ward-3 Aathidhiravidar kudiyiruppu,2) Merpanaikadu (R.V), Merpanaikadu (P), Ward-3 Kuyilan Kudiyiruppu,3) Merpanaikadu (R.V), Merpanaikadu (P), Ward-3 Achu Kudiyiruppu,4) Merpanaikadu (R.V), Merpanaikadu (P), Ward-3 Rajali Kudiyiruppu,5) Merpanaikadu (R.V), Merpanaikadu (P), ward-3 Therkukadu,",All Voter
187,182,187,"Panchayat Union Middle  School Terraced Building Facing North, Middle  Portion, Neivathali - 614624","1) Neyvathali (P), Ward-1 Bahirathambal puram,2) Neyvathali (P), ward-2 Vadakku Kudiyiruppu,",All Voter
188,182,188,"Panchayat Union Middle  School Terraced Building Facing North, West Portion, Neivathali - 614624","1) Neyvathali (P), Ward-1 Aathidhiravidar Colony,2) Neyvathali (P), ward-2 Therkku Kudiyiruppu,3) Neyvathali (P), Ward-2 Kovilur Kudiyiruppu,4) Neyvathali (P), Ward-3 Neyvelinathapuram,5) Neyvathali (P), Ward-3 Sathanenthal,",All Voter
189,182,189,"Panchayat Union Elementary School,
Periyalur - 614624","1) Periyalur (R.V), Periyalur (P), Ward-1 Periyalur Aathidhiravidar
Kudiyiruppu,2) Periyalur (R.V), Periyalur (P), Ward-2 Periyalur,",All Voter
190,182,190,"Panchayat Union Elementary School, Pandikudi - 614624","1) Periyalur (R.V), Periyalur (P), Ward-3 Periyalur puthukudiyiruppu,2) Periyalur (R.V), Periyalur (P), Ward-4 Pandi Kudi,",All Voter
191,182,191,"Government Higher Secondary School, SouthEast Terreced Building, North Facing, West Portion, Poovaimanagar Poovathakudi - 614624","1) Poovathakudi (R.V), Poovathakudi (P), Ward-2 Settitheru keel bagam,2) Poovathakudi (R.V), Poovathakudi (P), Ward-3 Settitheru malbagam,3) Poovathakudi (R.V), Poovathakudi (P), ward-1 Alangiran kudiyiruppu,",All Voter
192,182,192,"Government Higher Secondary School, SouthEast Terreced Building, North Facing, West Portion Third Room Poovaimanagar Poovathakudi - 614624","1) Poovathakudi (R.V), Poovathakudi (P), Ward-4 Sangaran Kudiyiruppu,2) Poovathakudi (R.V), Poovathakudi (P), Ward-4 Agrahara  kudiyiruppu,3) Poovathakudi (R.V), Poovathakudi (P), Ward-4 Kathrikadu,",All Voter
193,182,193,"Government Higher Secondary School, SouthEast Terreced Building, North Facing, West Portion Second Room, Poovaimanagar Poovathakudi - 614624","1) Poovathakudi (R.V), Poovathakudi (P), Ward-1 Poovathakudi nattar Kudiyiruppu,",All Voter
194,182,194,"Panchayat Union Middle  School, New Terraced Building, Middle  Portion, North Facing , Avanathankottai 614624","1) Avanatthankottai   (R.V), Avanatthankottai (P), Ward-2 Vannan  Kollai,2) Avanatthankottai   (R.V), Avanatthankottai (P), Ward-2 Keela kudiyiruppu,3) Avanatthankottai   (R.V), Avanatthankottai (P), Ward-2 Santhaipettai,4) Avanatthankottai   (R.V), Avanatthankottai (P), Ward-2 Adi Dravidar Colony,",All Voter
195,182,195,"Panchayat Union Middle  School, D.P.E.P New Terraced Building, South Portion , Avanathankottai 614624","1) Avanatthankottai (R.V), Avanatthankottai (P), Ward-1 Vatchan kudiyiruppu,2) Avanatthankottai (R.V), Avanatthankottai (P), Ward-1 Mela kudiyiruppu,3) Avanatthankottai (R.V), Avanatthankottai (P), Ward-1 Vettikadu,",All Voter
196,182,196,"Panchayat Union Middle  School, West Facing East Terraced Building North Portion  , Avanathankottai 614624","1) Avanatthankottai (R.V), Avanatthankottai (P), Ward-3 Maligai Punjai,2) Avanatthankottai (R.V), Avanatthankottai (P), Ward-3 Vaithiyanathan Vayal,3) Avanatthankottai (R.V), Avanatthankottai (P), Ward-3 Vadikadu,",All Voter
197,182,197,"Panchayat Union Middle  School (TILED BUILDING), Tholuvangadu 614622","1) Erukkalakottai (R.V), Tholuvankadu (P), Ward-1Tholuvankadu,2) Erukkalakottai (R.V), Tholuvankadu (P), Ward-2 Mela  kudiyiruppu,3) Erukkalakottai (R.V), Tholuvankadu (P), Ward-3 Kayakadu,",All Voter
198,182,198,"Panchayat Union Elementary School Terraced Building, Northern Side, Facing South, Karisakkadu 614616","1) Maramadakki (R.V), Maramadakki (P), Ward-3 Karisakadu,",All Voter
199,182,199,"Panchayat Union Elementary School West
Facing North  Terraced Building, Chittangadu 614624","1) Pravakkottai (R.V), Chittankadu (P), Ward-1 Chittankadu Vadakku Kudiyiruppu,",All Voter
200,182,200,"Panchayat Union Elementary School West Facing south Terraced Building, Chittangadu 614624","1) Pravakkottai (R.V), Chittankadu (P), Ward-2 Nadu Kudiyiruppu,2) Pravakkottai (R.V), Chittankadu (P), Ward-2   Therkku Kudiyiruppu,",All Voter
201,182,201,"Government High School, North Facing Sunayakadu-614616","1) Kurumbur  (R.V), Sunaiyakadu (P), Ward-1 Andavaraya samudram,2) Kurumbur (R.V), Sunaiyakadu (P), Ward - Karambakkadu,3) Kurumbur (R.V), Sunaiyakadu (P), Ward -2 Palaivanam,4) Kurumbur  (R.V), Sunaiyakadu (P), Ward-2 Krishnan Kudiyiruppu,",All Voter
202,182,202,"Panchayat Union Elementary School, TILED BUILDING, Sunayakadu 614622","1) Kurumbur  (R.V), Sunaiyakadu (P), ard-1 Sunaiyakadu,2) Kurumbur (R.V), Sunaiyakadu (P), Ward-1 Adi Dravidar Kudiyiruppu,3) Kurumbur (R.V), Sunaiyakadu (P), Ward-1 Kumulangundu,",All Voter
203,182,203,"Government Higher Secondary School Science  Lab, Thanthani 614622","1) Thanthani   (R.V) Thanthani (P), Ward-1 Thanthani,",All Voter
204,182,204,"Government Higher Secondary School, New Terraced Building, Middle  Portion, Room No.3, Thanthani 614616","1) Thanthani (R.V), Thanthani (P), Ward-2 Chettikadu,2) Thanthani (R.V), Thanthani (P), Ward-2 Devarpatti Kudiyeri,3) Thanthani (R.V), Thanthani (P), Ward-1 Ilampallam,",All Voter
205,182,205,"Panchayat Union Elementary School
D.P.E.P BUILDING, SOUTHERN PORTION
FACING WEST, Chidambaraviduthy 614622","1) Chidambaraviduthi (R.V), Thanthani (P), Ward-4 Chidambaraviduthi Merkku,2) Chidambaraviduthi (R.V), Thanthani (P), Ward-4 Chidambaraviduthi Kilakku,3) Chidambaraviduthi (R.V), Thanthani (P), Ward-4 Kamatchi Amman Kovil Theru,",All Voter
206,182,206,"Panchayat Union Elementary School
D.P.E.P Building, Northern Portion  Facing West, Chidambaraviduthy 614622","1) Chidambaraviduthi (R.V), Thanthani (P), Ward-4 Poyyappatti Kudiyiruppu,2) Chidambaraviduthi (R.V), Thanthani (P), Ward-4 Kadai Theru,3) Chidambaraviduthi (R.V), Thanthani (P), Ward-4 Muslim Theru,",All Voter
207,182,207,"Panchayat Union Elementary School Terraced Building, Facing South, East Portion, Chidambaraviduthy 614616","1) Chidambaraviduthy (R.V), Thanthani (P), Ward-3 Chinna Sunaiyakadu,2) Chidambaraviduthy (R.V), Thanthani (P), Ward-3 Karumeeni Oodai,",All Voter
208,182,208,"Panchayat Union Elementary School NORTH TERRACED BUILDING, WEST PORTION, FACING SOUTH,
Chidambaraviduthy 614616","1) Chidambaraviduthy (R.V), Thanthani (P), Ward-3 Subramaniyapuram,2) Chidambaraviduthy (R.V), Thanthani (P), Ward-3 Thuvaradi Manai,",All Voter
209,182,209,"Panchayat Union Elementary School
(Tiled Building) , Pattaraiseri (Kurumbur) 614622","1) Kurumbur  (R.V), Kurumbur (P), Ward-1 Pattaraicheri,2) Kurumbur (R.V),
Kurumbur (P), Ward-1 Kovilpatti,3) Kurumbur (R.V), Kurumbur (P), Ward-1 Meelakadui,",All Voter
210,182,210,"Panchayat Union Middle  School East Facing New Terraced Building , Kurumbur 614622","1) Kurumbur  (R.V), Kurumbur (P), Ward-2 Kurumbur,2) Kurumbur (R.V), Kurumbur (P), Ward-2 Saddirapatti,3) Kurumbur (R.V), Kurumbur (P), Ward-3 Vlalar Nagar,4) Kurumbur (R.V), Kurumbur (P), Ward-3 Anna  nagar,",All Voter
211,182,211,"Panchayat Union Middle  School Tiled Building Facing East, Kurumbur 614622","1) Kurumbur  (R.V), Kurumbur (P), Ward-3 Sunai Koil,2) Kurumbur (R.V), Kurumbur (P), Ward-3 Ootthakadai,3) Kurumbur (R.V), Kurumbur (P), Ward-2 Ponnampalam,4) Kurumbur (R.V), Kurumbur (P), Ward-3 Kattuthattan Vayal,5) Kurumbur (R.V), Kurumbur (P), Ward-4 Vilankudi Vayal,",All Voter
212,182,212,"Panchayat Union Elementary School, WEST SIDE TERRACED BUILDING , SENGAMARI 614616","1) Sengamari (R.V) Narpavalakudi (P), Ward-1 Sengamari Harijan Kudiyiruppu,2) Sengamari (R.V) Narpavalakudi (P), Ward-1 Sengamary,3) Sengamari (R.V) Narpavalakudi (P), Ward-1 Kovilkottai,4) Sengamari (R.V) Narpavalakudi (P), Ward-1 Chirunattanvayal,",All Voter
213,182,213,"Panchayat Union Elementary School, TERRACED BUILDING , Narpavalakudi 614616","1) Sengamari (R.V) Narpavalakudi (P), Ward-2 Narpavalakudi Harijana Kudiyiruppu,2) Sengamari (R.V) Narpavalakudi (P), Ward-2 Narpavalakudi Amangudi,3) Sengamari (R.V) Narpavalakudi (P), Ward-2 Panikkanvayal,4) Sengamari (R.V) Narpavalakudi (P), Ward-3 Narpavalakudi Vadakku,",All Voter
214,182,214,"Panchayat Union Middle  School TERRACED BUILDING NORTH FACING
WEST PORTION ROOM NO. 2, Azhiyanilai
614616","1) Aliyanilai   (R.V), Aliyanilai (P), Ward-1 Kilakku Lakshmana Kudiyiruppu,2) Aliyanilai   (R.V), Aliyanilai (P), Ward-2 Davupatti,3) Aliyanilai (R.V), Aliyanilai (P), Ward-2 Chithalankudiyiruppu,",All Voter
215,182,215,"Panchayat Union Middle  School TERRACED BUILIDNG FACING WEST SOUTHERN  SIDE ROOM NO.3,
Azhiyanilai 614616","1) Aliyanilai   (R.V), Aliyanilai (P), Ward-1   Vala Kudiyiruppu,",All Voter
216,182,216,"Panchayat Union Middle  School New Terraced Building Western  Portion Facing South, Annamalaiyan  Kudiyruppu 614616","1) Aliyanilai (R.V), Aliyanilai (P), Ward-3 Annamalayan Kudiyiruppu,2) Aliyanilai (R.V), Aliyanilai (P), Ward-4 Nayakkar  Patti,3) Aliyanilai (R.V), Aliyanilai (P), Ward-4 Panjumil Kudiyiruppu,4) Aliyanilai (R.V), Aliyanilai (P), Ward-4 Mela  Lakshmana  Kudiyiruppu,5) Aliyanilai (R.V), Aliyanilai (P), Ward-4 Aliyanilai Kudiyiruppu,",All Voter
217,182,217,"Panchayat Union Middle  School (TERRACED BUILDING), Kunnakkurumbi 614616","1) Silattur (R.V), Silattur (P), Ward-7 Kunna kurumbi Vadakku Theru,2) Silattur (R.V), Silattur (P), Ward-7 Kunna kurumbi Therkku,3) Silattur (R.V), Silattur (P), Ward-7 Mela  kunna kurumbi,",All Voter
218,182,218,Panchayat Union Middle  School West Side  North Faced (TERRACED BUILDING) Kunnakkurumbi - 614616,"1) Silattur (R.V), Silattur (P), Ward-6 Kadaiyatthu Keelatheru,2) Silattur (R.V), Silattur (P), Ward-6 Kadaiyathupatti Melatheru,",All Voter
219,182,219,"Government Girl's High  School New Terraced Building, North Facing West Portion  ,Silttur 614622","1) Silattur (R.V), Silattur (P), Ward-1 Pidari Koil Theru,2) Silattur (R.V), Silattur (P), Ward-2 Vadakku Theru,",All Voter
220,182,220,"Government Girl's High  School New Terraced Building North  Facing East Portion  ,Silattur 614622","1) Silattur (R.V), Silattur (P), Ward-2 Indira Nagar,2) Silattur (R.V), Silattur (P), Ward-3 Sivan Koil Theru,3) Silattur (R.V), Silattur (P), Ward-3 Perumal Koil Theru,4) Silattur (R.V), Silattur (P), Ward-4 Thandankarai Theru,",All Voter
221,182,221,"Government Boys Higher Secondary School, Terraced Building, Middle Portion(Room No.3), Facing North, Silttur 614622","1) Silattur (R.V), Silattur (P), Ward-4 Therkku Theru,2) Silattur (R.V), Silattur (P), Ward-4 Vadakku Adi Dravidar Theru,3) Silattur (R.V), Silattur (P), Ward-4 Therkku Harijana Theru,4) Silattur (R.V), Silattur (P), Ward-4 Ponnambalapatti,5) Silattur (R.V), Silattur (P), Ward-5 Kollanvayal,",All Voter
222,182,222,"Government High School, South Side Terraced Building, Erukkalakkottai -
614624","1) Rajendrapuram (R.V), Rajendrapuram (P), Ward-3 Rajendrapuram Vadakku kudiyiruppu,",All Voter
223,182,223,"Panchayat Union Elementary School, Terraced Building, South Portion, Facing west, Erukkalakkottai - 614624","1) Rajendrapuram (R.V), Rajendrapuram (P), Ward-1 Kakkakadu,2) Rajendrapuram (R.V), Rajendrapuram (P), Ward-2 Erukkalakottai chetti theru,",All Voter
224,182,224,"Panchayat Union Elementary School, Terraced Building, West Portion, Facing South,, Rajendrapuram - 614624","1) Rajendrapuram (R.V), Rajendrapuram (P), Ward-4 Rajendrapuram south kudiyiruppu,",All Voter
225,182,225,"Panchayat Union Middle  School, North Building, South  Facing Terraced Middle Portion, Kurunthirakkottai Rajendrapuram 614624","1) Rajendrapuram (R.V), Rajendrapuram (P), Ward-5 Kurunthirankottai vadakku kudiyiruppu,2) Rajendrapuram (R.V), Rajendrapuram (P), Ward-6 Kurunthirankottai therkku kudiyiruppu,",All Voter
226,182,226,"Panchayat Union Middle  School, Mangudi
- 614624","1) Mangudi (RV), Mangudi (P), Ward-1 Mangudi,",All Voter
227,182,227,Panchayat Union Middle  School North Side  North Faced Terraced Building Mangudi - 614624,"1) Mangudi (P), Ward-3 Ida Veeriyenthal,",All Voter
228,182,228,"Panchayat Union Elementary School, Maruthangudi - 614624","1) Maruthangudi (RV) Mangudi (P), Ward-2 Sethurayanenthal,2) Mangudi (P), Ward-3 Maruthangudi,",All Voter
229,182,229,Panchayat Union Elementary School New Terraced Building South Facing Vallavari Kilakku - 614801,"1) Vallavari (R.V), Vallavari (P), Ward-1 Vallavari devar kudiyiruppu,2) Vallavari (R.V), Vallavari (P), Ward-1Vallavari   Aathidiravidar kudiyiruppu,3) Vallavari (R.V), Vallavari (P), Ward-2 Railway Station Road,4) Vallavari (R.V), Vallavari (P), Ward-2 Marayakkadu,",All Voter
230,182,230,"Panchayat Union Middle  School Additional New Building, Vallavari Merkku - 614624","1) Vallavari (R.V) Vallavari (P), Ward-3 Thondaiman kudiyiruppu,",All Voter
231,182,231,"Panchayat Union Middle  School, Ayingudi
- 614801","1) Aayingudi (R.V)   Aayingudi (P), Ward-1 Pappayan kudiyiuruppu,2) Aayingudi (R.V)   Aayingudi (P), Ward-1 Aayingudi,3) Aayingudi (R.V) Aayingudi (P), Ward-1 Vadakku kudiyiruppu,",All Voter
232,182,232,Panchayat Union Middle  School Ayingudi - 614801,"1) Aayingudi (R.V)   Aayingudi (P), Ward-1 Vadakku kudiyiruppu,2) Aayingudi (R.V)   Aayingudi (P), Ward-2 Aathidiravidar kudiyiurppu,3) Aayingudi (R.V)   Aayingudi (P), Ward-2 Devar kudiyiruppu,",All Voter
233,182,233,"Government High School, South facing terraced middle  building (East Portion), Ayinkudi Therkku - 614801","1) Ayinkudi (R.V),   Aayingudi (P), Ward-3 Pitchangudiyiruppu,",All Voter
234,182,234,"Government High School, South facing terraced middle  building (West Portion), Ayinkudi Therkku - 614801","1) Ayinkudi (R.V),   Aayingudi (P), Ward-3 Chettiar Kudiyiruppu,2) Ayinkudi (R.V),   Aayingudi (P), Ward-3 Kannuthoppu,",All Voter
235,182,235,"Panchayat Union Elementary School, , Ramasamypuram - 614801","1) Ramasami puram (R.V) Ramasami puram (P), Ward-2 Ramasamai puram,2) Ramasami puram (R.V) Ramasami puram (P), Ward-3 Mathur,",All Voter
236,182,236,"Panchayat Union Elementary School, , Balakrishnapuram - 614801","1) Ramasami puram (R.V) Ramasami puram (P), Ward-1 Balakrishnapuram,",All Voter
237,182,237,"Panchayat Union Elementary School, South  Building, Facing West, Mangalanadu East 614805","1) Mangalanadu (R.V), Mangalanadu (P), Ward-1 Pokkangadu,2) Mangalanadu (R.V), Mangalanadu (P), Ward-1   Mariyamman kovil theru,3) Mangalanadu (R.V), Mangalanadu (P), Ward-2 Mariyamman kudiyiruppu,",All Voter
238,182,238,"Government High School Terraced Building Facing West, North Portion, Mangalanadu Kilakku - 614805","1) Mangalanadu (R.V), Mangalanadu (P), Ward-2,3 Middle  kudiyiruppu,2) Mangalanadu (R.V), Mangalanadu (P), Ward4 Ambal puram,",All Voter
239,182,239,"Government High School Terraced Building Facing West, South  Portion, Mangalanadu Kilakku - 614805","1) Mangalanadu (R.V), Mangalanadu (P), Ward-3,4 Melakadu,",All Voter
240,182,240,"Government High School, Terraced Building, South  Facing, West Portion, Amarasimendrapuram - 614805","1) Amarasimanthipuram (R.V), Amarasimanthipuram (P), Ward-1 Melakudiyiruppu,2) Amarasimanthipuram (R.V), Amarasimanthipuram (P), Ward-2 Keelakudiyiruppu,3) Amarasimanthipuram (R.V), Amarasimanthipuram (P), Ward-2 Aathangadu,",All Voter
241,182,241,"Government High School, South Terraced Building, Facing East, Amarasimendrapuram 614805","1) Amarasimanthipuram (R.V), Amarasimanthipuram (P), Ward-3 Harisanakudiyiruppu,2) Amarasimanthipuram (R.V), Amarasimanthipuram (P), Ward-3 Aanaikattikollai,",All Voter
242,182,242,"Panchayat Union Elementary School, North West Building, North side  Facing East Arasarkulam East- 614801","1) Arasarkulam keelpathi (R.V)   Arasarkulam keelpathi (P), Ward-3,4 Thiruvalluvar nagar,2) Arasarkulam keelpathi (R.V)   Arasarkulam keelpathi (P), Ward-3,4 Ganthinagar,",All Voter
243,182,243,"Panchayat Union Elementary School, North West Building, South side  Facing East ,Arasarkulam East- 614801","1) Arasarkulam keelpathi (R.V)   Arasarkulam keelpathi (P), Ward-2,3,4 Arasarkulam keelpathi,2) Arasarkulam keelpathi (R.V)   Arasarkulam keelpathi (P), Ward-3 Manikkam nagar,3) Arasarkulam keelpathi (R.V) Arasarkulam keelpathi (P), Ward-3,4 Mariyamman  kovil theru,",All Voter
244,182,244,"Panchayat Union Elementary School, South  West Building South  Side  Facing East ,Arasarkulam East - 614801","1) Arasarkulam keelpathi (R.V)   Arasarkulam keelpathi (P), Ward - 12 V.O.C Nagar,",All Voter
245,182,245,"Alhadaya Jamad Oriental Arabic  High School, Middle  Portion North  facing, Arasarkulam - 614801","1) Arasarkulam melpathi (R.V), Arasarkulam thenpathi (P), Ward-1 Girisalai,2) Arasarkulam melpathi (R.V), Arasarkulam thenpathi (P), Ward-2 pallivasal salai,3) Arasarkulam melpathi (R.V), Arasarkulam thenpathi (P), Ward-3 Rajaji salai,",All Voter
246,182,246,"Alhadaya Jamad Oriental Arabic  High School, Middle  Portion North  Facing East Side, Arasarkulam - 614801","1) Arasarkulam melpathi (R.V), Arasarkulam thenpathi (P), Ward-1 Sougathali salai,2) Arasarkulam melpathi (R.V), Arasarkulam thenpathi (P), Ward-2 Jagavarsalai   Ward-2 Jagavarsalai,3) Arasarkulam melpathi (R.V), Arasarkulam thenpathi (P), Ward-3 Navalarsalai,4) Arasarkulam melpathi (R.V), Arasarkulam thenpathi (P), Ward-4 Jageerusein salai,5) Arasarkulam melpathi (R.V), Arasarkulam thenpathi (P), Ward-5 Mohamadali salai,6) Arasarkulam melpathi (R.V), Arasarkulam thenpathi (P), Ward-6 Seethakathi Salai,7) Arasarkulam melpathi (R.V), Arasarkulam thenpathi (P), Ward-7 Jinna theru,8) Arasarkulam melpathi (R.V), Arasarkulam thenpathi (P), Ward-8 Asath theru,9) Arasarkulam thenpathi (P), Ward-9 Kalainger theru,10) Arasarkulam melpathi (R.V), Arasarkulam thenpathi (P), Ward-4 Indira nagar,11) Arasarkulam melpathi (R.V), Arasarkulam thenpathi (P), Ward-5 Nagammai Nagar,",All Voter
247,182,247,"Panchayat Union Elementary School (New Building), Arasarkulam Vadakku - 614801","1) Arasarkulam keelpathi (R.V), Arasarkulam keelpathi (P), Ward-1 Thiru V K nagar,2) Arasarkulam keelpathi (R.V), Arasarkulam keelpathi (P), Ward-1 Ambethkarnagar,3) Arasarkulam   Melpathi (R.V),   Arasarkulam vadapathi (P), Ward-1 Devar theru,4) Arasarkulam   Melpathi (R.V),   Arasarkulam vadapathi (P), Ward-1 Naduttheru,5) Arasarkulam   Melpathi (R.V), Arasarkulam vadapathi (P), Ward-2 E.V.R nagar,6) Arasarkulam   Melpathi (R.V),   Arasarkulam vadapathi (P), Ward-2 Chettiar theru,",All Voter
248,182,248,"Panchayat Union Elementary School, North Portion, Tiled building, Nattumangalam - 614616","1) Ettiyathali (R.V) Nattu mangalam (P), Ward-1 Ettiyathali,2) Ettiyathali (R.V) Nattu mangalam (P), Ward-1 Vadakku kudiyiruppu,3) Ettiyathali (R.V) Nattu mangalam (P), Ward-1 Nadukudiyiruppu,4) Ettiyathali (R.V) Nattu mangalam (P), Ward-1 Therku kudiyiruippu,5) Ettiyathali (R.V) Nattu mangalam (P), Ward-1 Melakudiyiruppu,6) Ettiyathali (R.V) Nattu mangalam (P), Ward-1 Puthu kudiyiruppu,7) Ettiyathali (R.V) Nattu mangalam (P), Ward-1 Aathidhiravidar kudiyiruppu,",All Voter
249,182,249,"Panchayat Union Elementary School, South  Portion, Tiled building,, Nattumangalam - 614616","1) Thoothakudi (R.V)   Nattumangalam (P), Ward-2 Vallambar kudiyiruppu,2) Thoothakudi (R.V)   Nattumangalam (P), Ward-2 Ambalakarar kudiyiruppu,3) Thoothakudi (R.V)   Nattumangalam (P), Ward-2 Madathuvayal,4) Thoothakudi (R.V)   Nattumangalam (P), Ward-2 Thoothakudi,5) Thoothakudi (R.V)   Nattumangalam (P), ward-2 Sanakarai,6) Thoothakudi (R.V) Nattumangalam (P), Ward-2 Vannankadu,",All Voter
250,182,250,Panchayat Union Elementary School (East Facing West New Building) Northen Side  Arasarkulam Merkku - 614801,"1) Arasarkulam Melpathi (R.V), Arasarkulam thenpathi (P), Ward-1 Kamaraj nagar,2) Arasarkulam Melpathi (R.V), Arasarkulam thenpathi (P), Ward-1 Perarigar Annasalai,",All Voter
251,182,251,"New Government High  School, Terraced Building Western Portion North Facing, Arasarkulam - 614801","1) Arasarkulam Melpathi (R.V), Arasarkulam thenpathi (P), Ward-1 Barathidasan nagar,2) Arasarkulam Melpathi (R.V), Arasarkulam thenpathi (P), ward-6 Ismail Road,3) Arasarkulam Melpathi (R.V), Arasarkulam thenpathi (P), Ward17 Panneer selvam nagar,",All Voter
252,182,252,"Panchayat Union Elementary School FACING SOUTH, Pidarikadu - 614801","1) Pidarikadu (R.V) Manakudi (p), Ward-2 Konar kudiyiruppu East,2) Pidarikadu (R.V) Manakudi (p), Ward-2 Konar  kudiyiruppu West,3) Pidarikadu (R.V) Manakudi (p), Ward-2 Ambalakarar Kudiyiruppu East,4) Pidarikadu (R.V) Manakudi (p), Ward-2 Ambalakarar Kudiyiruppu West,5) Pidarikadu (R.V) Manakudi (p), Ward-2 Devar kudiyiruppu,6) Pidarikadu (R.V) Manakudi (p), Ward-2 Panavayal,",All Voter
253,182,253,"Panchayat Union Elementary School, South  Builging, FACING SOUTH Mannagudi - 614805","1) Mannakudi (R.V) Mannakudi (P), Ward-1 Aathidhiravidar kudiyiruppu,2) Mannakudi (R.V) Mannakudi (P), Ward-1 Vadakku kudiyiruppu,3) Mannakudi (R.V) Mannakudi (P), Ward-1 South  kudiyiruppu,4) Mannakudi (R.V) Mannakudi (P), Ward-1 East kudiyiruppu,5) Mannakudi (R.V) Mannakudi (P), Ward-1 Vallavariyan kudiyiruppu,6) Mannakudi (R.V) Mannakudi (P), Ward-1 Chithambarapuram,",All Voter
254,182,254,"Panchayat Union Elementary School Terraced Building, Western Side, Facing South, Vijayapuram - 614805","1) Vijayapuram (R.V), Vijayapuram (P), Ward-1 Vijayapuram Vadakku,2) Vijayapuram (R.V), Vijayapuram (P), Ward-2 Vijayapuram Nadu Theru,3) Vijayapuram (R.V), Vijayapuram (P), Ward-2 Kalikovil theru,4) Vijayapuram (R.V), Vijayapuram (P), Ward-2 Kammalar theru,5) Vijayapuram (R.V), Vijayapuram (P), Ward-2 Kulakkarai,",All Voter
255,182,255,"Panchayat Union Elementary School Tiled Building, Eastern Side, Facing South, , Vijayapuram Therkku - 614805","1) Vijayapuram (RV), Vijayapuram (P), Ward-2,3 Kadaiveethi,2) Vijayapuram (RV), Vijayapuram (P), Ward-3 Kammalar  theru,3) Vijayapuram (RV), Vijayapuram (P), Ward-3 Kalikovil theru,4) Vijayapuram (RV), Vijayapuram (P), Ward-3 Naduttheru,5) Vijayapuram (RV), Vijayapuram (P), Ward-3,4 Kamatchiyamman kovil theru,6) Ambalpuram (RV), Vijayapuram (P), Ward-4 Aathithiravidar Colony,7) Ambalpuram (RV), Vijayapuram (P), Ward-4 Ambal puram,",All Voter
256,182,256,"Panchayat Union Elementary School, Kodivayal Merkku - 614805","1) Manivilanvayal (RV),   Kodivayal (P), Ward-4 Arasankudiyiruppu,2) Manivilanvayal (RV), Kodivayal (P), Ward-4 Kurunjakottai,3) Manivilanvayal (RV), Kodivayal (P), Ward-4 Manivilanvayal,4) Kodivayal (RV), Kodivayal (P), Ward-2 Kodivayal West,",All Voter
257,182,257,"Panchayat Union Middle  School West Building South Side, New Terraced Building Facing East Kodivayal Kilakku - 614805","1) Kodivayal (R.V), Kodivayal (P), Ward-1 Melakudiyiruppu,2) Kodivayal (R.V), Kodivayal (P), Ward-1 North kudiyiruppu,3) Kodivayal (R.V), Kodivayal (P), Ward-1 Keelakudiyiruppu,",All Voter
258,182,258,"Panchayat Union Middle  School West Building North Side, New Terraced Building , Facing East Kodivayal Kilakku - 614805","1) Kodivayal (R.V), Kodivayal (P), Ward-1 Aathithiravidar kudiyiruppu,2) Kodivayal (R.V), Kodivayal (P), Ward-1 West kudiyiruppu,",All Voter
